date,total,hk_residents,mainland_visitors,other_visitors,day_of_week,month,is_weekend,is_holiday
2021-01-01,4510,4178,290,42,4,1,0,1
2021-01-02,5253,4845,361,47,5,1,1,0
2021-01-03,6976,6462,415,99,6,1,1,0
2021-01-04,6679,6131,485,63,0,1,0,0
2021-01-05,4006,3704,222,80,1,1,0,0
2021-01-06,3762,3492,197,73,2,1,0,0
2021-01-07,3592,3322,186,84,3,1,0,0
2021-01-08,4485,4163,240,82,4,1,0,0
2021-01-09,4508,4168,272,68,5,1,1,0
2021-01-10,5173,4783,301,89,6,1,1,0
2021-01-11,4129,3868,207,54,0,1,0,0
2021-01-12,5053,4770,227,56,1,1,0,0
2021-01-13,4132,3862,216,54,2,1,0,0
2021-01-14,4913,4621,196,96,3,1,0,0
2021-01-15,5684,5350,243,91,4,1,0,0
2021-01-16,5264,4921,283,60,5,1,1,0
2021-01-17,5019,4717,235,67,6,1,1,0
2021-01-18,4363,4094,236,33,0,1,0,0
2021-01-19,4610,4282,239,89,1,1,0,0
2021-01-20,4292,4015,228,49,2,1,0,0
2021-01-21,3762,3467,228,67,3,1,0,0
2021-01-22,3739,3487,173,79,4,1,0,0
2021-01-23,4075,3790,216,69,5,1,1,0
2021-01-24,3963,3687,194,82,6,1,1,0
2021-01-25,2669,2497,132,40,0,1,0,0
2021-01-26,3318,3081,175,62,1,1,0,0
2021-01-27,3251,3038,152,61,2,1,0,0
2021-01-28,3446,3214,153,79,3,1,0,0
2021-01-29,3224,3064,113,47,4,1,0,0
2021-01-30,3141,2986,115,40,5,1,1,0
2021-01-31,2998,2844,102,52,6,1,1,0
2021-02-01,1905,1791,73,41,0,2,0,0
2021-02-02,2615,2434,114,67,1,2,0,0
2021-02-03,2994,2839,114,41,2,2,0,0
2021-02-04,2930,2785,111,34,3,2,0,0
2021-02-05,4010,3811,135,64,4,2,0,0
2021-02-06,3729,3543,118,68,5,2,1,0
2021-02-07,3544,3357,119,68,6,2,1,0
2021-02-08,2256,2130,98,28,0,2,0,0
2021-02-09,2872,2699,117,56,1,2,0,0
2021-02-10,2686,2526,116,44,2,2,0,0
2021-02-11,1625,1533,66,26,3,2,0,0
2021-02-12,1276,1199,41,36,4,2,0,1
2021-02-13,1374,1263,73,38,5,2,1,1
2021-02-14,2586,2372,148,66,6,2,1,0
2021-02-15,3319,3127,152,40,0,2,0,1
2021-02-16,4112,3840,195,77,1,2,0,0
2021-02-17,4542,4203,291,48,2,2,0,0
2021-02-18,5370,4925,226,219,3,2,0,0
2021-02-19,5779,5394,333,52,4,2,0,0
2021-02-20,6511,6083,373,55,5,2,1,0
2021-02-21,7244,6775,394,75,6,2,1,0
2021-02-22,6125,5764,297,64,0,2,0,0
2021-02-23,5609,5286,286,37,1,2,0,0
2021-02-24,4295,3995,255,45,2,2,0,0
2021-02-25,3751,3406,188,157,3,2,0,0
2021-02-26,3514,3252,199,63,4,2,0,0
2021-02-27,6036,5593,406,37,5,2,1,0
2021-02-28,7191,6677,447,67,6,2,1,0
2021-03-01,5995,5658,299,38,0,3,0,0
2021-03-02,5001,4652,298,51,1,3,0,0
2021-03-03,4579,4204,298,77,2,3,0,0
2021-03-04,3630,3289,255,86,3,3,0,0
2021-03-05,3922,3602,257,63,4,3,0,0
2021-03-06,4354,3996,321,37,5,3,1,0
2021-03-07,5198,4780,365,53,6,3,1,0
2021-03-08,3437,3174,221,42,0,3,0,0
2021-03-09,3722,3433,257,32,1,3,0,0
2021-03-10,4514,4118,272,124,2,3,0,0
2021-03-11,3106,2866,210,30,3,3,0,0
2021-03-12,3365,3051,254,60,4,3,0,0
2021-03-13,3629,3300,297,32,5,3,1,0
2021-03-14,3953,3625,261,67,6,3,1,0
2021-03-15,3082,2808,225,49,0,3,0,0
2021-03-16,3703,3394,270,39,1,3,0,0
2021-03-17,3354,3036,257,61,2,3,0,0
2021-03-18,3081,2764,241,76,3,3,0,0
2021-03-19,2944,2679,195,70,4,3,0,0
2021-03-20,3381,3031,314,36,5,3,1,0
2021-03-21,3451,3175,230,46,6,3,1,0
2021-03-22,2577,2299,223,55,0,3,0,0
2021-03-23,2921,2651,234,36,1,3,0,0
2021-03-24,2762,2504,204,54,2,3,0,0
2021-03-25,2791,2556,179,56,3,3,0,0
2021-03-26,3055,2818,179,58,4,3,0,0
2021-03-27,3071,2793,236,42,5,3,1,0
2021-03-28,3450,3145,240,65,6,3,1,0
2021-03-29,2174,1994,158,22,0,3,0,0
2021-03-30,3131,2897,201,33,1,3,0,0
2021-03-31,3458,3161,244,53,2,3,0,0
2021-04-01,3807,3473,282,52,3,4,0,0
2021-04-02,4225,3791,347,87,4,4,0,0
2021-04-03,2546,2313,209,24,5,4,1,0
2021-04-04,2415,2229,137,49,6,4,1,1
2021-04-05,2648,2425,192,31,0,4,0,1
2021-04-06,3483,3208,234,41,1,4,0,0
2021-04-07,3528,3282,215,31,2,4,0,0
2021-04-08,3971,3525,250,196,3,4,0,0
2021-04-09,4560,4210,271,79,4,4,0,0
2021-04-10,4810,4412,348,50,5,4,1,0
2021-04-11,4875,4478,332,65,6,4,1,0
2021-04-12,3139,2922,186,31,0,4,0,0
2021-04-13,3736,3457,222,57,1,4,0,0
2021-04-14,3396,3041,308,47,2,4,0,0
2021-04-15,3727,3371,204,152,3,4,0,0
2021-04-16,3874,3571,231,72,4,4,0,0
2021-04-17,3266,3011,222,33,5,4,1,0
2021-04-18,4173,3865,245,63,6,4,1,0
2021-04-19,2648,2449,166,33,0,4,0,0
2021-04-20,3607,3263,282,62,1,4,0,0
2021-04-21,3388,3135,214,39,2,4,0,0
2021-04-22,3004,2777,177,50,3,4,0,0
2021-04-23,3739,3438,180,121,4,4,0,0
2021-04-24,2870,2610,223,37,5,4,1,0
2021-04-25,3706,3403,240,63,6,4,1,0
2021-04-26,2584,2377,160,47,0,4,0,0
2021-04-27,3044,2802,189,53,1,4,0,0
2021-04-28,3187,2977,172,38,2,4,0,0
2021-04-29,3624,3288,276,60,3,4,0,0
2021-04-30,4788,4534,193,61,4,4,0,0
2021-05-01,3620,3386,206,28,5,5,1,1
2021-05-02,4015,3732,217,66,6,5,1,0
2021-05-03,2402,2219,144,39,0,5,0,0
2021-05-04,2941,2736,162,43,1,5,0,0
2021-05-05,2981,2779,165,37,2,5,0,0
2021-05-06,3148,2905,207,36,3,5,0,0
2021-05-07,4028,3647,273,108,4,5,0,0
2021-05-08,3818,3583,207,28,5,5,1,0
2021-05-09,3889,3563,203,123,6,5,1,0
2021-05-10,3366,3128,161,77,0,5,0,0
2021-05-11,3375,3104,215,56,1,5,0,0
2021-05-12,3673,3330,307,36,2,5,0,0
2021-05-13,3223,3004,171,48,3,5,0,0
2021-05-14,4002,3699,214,89,4,5,0,0
2021-05-15,4606,4224,321,61,5,5,1,0
2021-05-16,4335,3942,297,96,6,5,1,0
2021-05-17,3165,2763,315,87,0,5,0,0
2021-05-18,3981,3500,372,109,1,5,0,0
2021-05-19,3821,3498,264,59,2,5,0,0
2021-05-20,3619,3284,209,126,3,5,0,0
2021-05-21,4024,3744,240,40,4,5,0,0
2021-05-22,4237,3938,265,34,5,5,1,0
2021-05-23,3524,3234,234,56,6,5,1,0
2021-05-24,2967,2768,167,32,0,5,0,0
2021-05-25,3824,3521,249,54,1,5,0,0
2021-05-26,3822,3505,238,79,2,5,0,0
2021-05-27,3322,2943,244,135,3,5,0,0
2021-05-28,4555,4227,262,66,4,5,0,0
2021-05-29,4067,3762,267,38,5,5,1,0
2021-05-30,4253,3913,253,87,6,5,1,0
2021-05-31,3531,3311,176,44,0,5,0,0
2021-06-01,4453,4095,273,85,1,6,0,0
2021-06-02,3872,3585,232,55,2,6,0,0
2021-06-03,3973,3610,318,45,3,6,0,0
2021-06-04,3890,3587,253,50,4,6,0,0
2021-06-05,4060,3703,313,44,5,6,1,0
2021-06-06,4090,3575,453,62,6,6,1,0
2021-06-07,2835,2616,185,34,0,6,0,0
2021-06-08,3470,3183,242,45,1,6,0,0
2021-06-09,3345,3079,231,35,2,6,0,0
2021-06-10,3957,3599,295,63,3,6,0,0
2021-06-11,4544,4221,263,60,4,6,0,0
2021-06-12,4197,3602,562,33,5,6,1,0
2021-06-13,3910,3572,288,50,6,6,1,0
2021-06-14,2273,2092,149,32,0,6,0,1
2021-06-15,3603,3345,207,51,1,6,0,0
2021-06-16,3527,3240,246,41,2,6,0,0
2021-06-17,3788,3545,189,54,3,6,0,0
2021-06-18,4444,4134,255,55,4,6,0,0
2021-06-19,4499,4169,288,42,5,6,1,0
2021-06-20,5099,4528,509,62,6,6,1,0
2021-06-21,3313,3033,247,33,0,6,0,0
2021-06-22,3787,3426,304,57,1,6,0,0
2021-06-23,3511,3168,267,76,2,6,0,0
2021-06-24,3805,3520,233,52,3,6,0,0
2021-06-25,4724,4386,272,66,4,6,0,0
2021-06-26,4500,4083,348,69,5,6,1,0
2021-06-27,4596,4262,301,33,6,6,1,0
2021-06-28,3488,3237,199,52,0,6,0,0
2021-06-29,4539,4199,283,57,1,6,0,0
2021-06-30,5822,5453,309,60,2,6,0,0
2021-07-01,4740,4360,315,65,3,7,0,1
2021-07-02,4833,4479,295,59,4,7,0,0
2021-07-03,4265,3841,372,52,5,7,1,0
2021-07-04,5018,4554,400,64,6,7,1,0
2021-07-05,4406,4073,309,24,0,7,0,0
2021-07-06,4771,4454,284,33,1,7,0,0
2021-07-07,4442,4029,379,34,2,7,0,0
2021-07-08,4770,4349,370,51,3,7,0,0
2021-07-09,5540,5064,420,56,4,7,0,0
2021-07-10,5525,5048,444,33,5,7,1,0
2021-07-11,6569,6054,454,61,6,7,1,0
2021-07-12,5449,5081,339,29,0,7,0,0
2021-07-13,6124,5587,483,54,1,7,0,0
2021-07-14,6024,5460,517,47,2,7,0,0
2021-07-15,7151,6576,518,57,3,7,0,0
2021-07-16,6977,6364,551,62,4,7,0,0
2021-07-17,6211,5717,446,48,5,7,1,0
2021-07-18,7558,6999,492,67,6,7,1,0
2021-07-19,5188,4726,416,46,0,7,0,0
2021-07-20,5952,5507,396,49,1,7,0,0
2021-07-21,5611,5118,449,44,2,7,0,0
2021-07-22,5547,5088,407,52,3,7,0,0
2021-07-23,6117,5678,375,64,4,7,0,0
2021-07-24,4975,4601,320,54,5,7,1,0
2021-07-25,6140,5748,338,54,6,7,1,0
2021-07-26,4051,3763,262,26,0,7,0,0
2021-07-27,5457,5132,285,40,1,7,0,0
2021-07-28,4824,4508,272,44,2,7,0,0
2021-07-29,5602,5129,415,58,3,7,0,0
2021-07-30,7174,6803,299,72,4,7,0,0
2021-07-31,5805,5416,336,53,5,7,1,0
2021-08-01,8613,8135,408,70,6,8,1,0
2021-08-02,5023,4643,330,50,0,8,0,0
2021-08-03,5982,5564,350,68,1,8,0,0
2021-08-04,7485,7096,355,34,2,8,0,0
2021-08-05,5487,5104,331,52,3,8,0,0
2021-08-06,8576,8170,342,64,4,8,0,0
2021-08-07,6167,5717,394,56,5,8,1,0
2021-08-08,9273,8795,411,67,6,8,1,0
2021-08-09,5270,4858,358,54,0,8,0,0
2021-08-10,6865,6385,375,105,1,8,0,0
2021-08-11,8099,7728,313,58,2,8,0,0
2021-08-12,5656,5229,358,69,3,8,0,0
2021-08-13,8913,8523,318,72,4,8,0,0
2021-08-14,6360,5954,342,64,5,8,1,0
2021-08-15,10098,9651,379,68,6,8,1,0
2021-08-16,7330,6815,466,49,0,8,0,0
2021-08-17,6835,6378,370,87,1,8,0,0
2021-08-18,9204,8757,358,89,2,8,0,0
2021-08-19,7138,6634,373,131,3,8,0,0
2021-08-20,10460,9952,381,127,4,8,0,0
2021-08-21,6310,5912,339,59,5,8,1,0
2021-08-22,9923,9456,412,55,6,8,1,0
2021-08-23,6726,6261,395,70,0,8,0,0
2021-08-24,7074,6565,441,68,1,8,0,0
2021-08-25,9799,9230,499,70,2,8,0,0
2021-08-26,6724,6258,405,61,3,8,0,0
2021-08-27,10275,9813,371,91,4,8,0,0
2021-08-28,8368,7842,444,82,5,8,1,0
2021-08-29,10771,10241,453,77,6,8,1,0
2021-08-30,7367,6753,550,64,0,8,0,0
2021-08-31,8030,7419,520,91,1,8,0,0
2021-09-01,9907,9321,503,83,2,9,0,0
2021-09-02,6122,5700,346,76,3,9,0,0
2021-09-03,8665,8228,338,99,4,9,0,0
2021-09-04,6366,5936,357,73,5,9,1,0
2021-09-05,9046,8521,436,89,6,9,1,0
2021-09-06,4686,4293,335,58,0,9,0,0
2021-09-07,5266,4861,319,86,1,9,0,0
2021-09-08,6725,6414,240,71,2,9,0,0
2021-09-09,4181,3879,216,86,3,9,0,0
2021-09-10,7997,7635,243,119,4,9,0,0
2021-09-11,4922,4584,259,79,5,9,1,0
2021-09-12,7126,6820,220,86,6,9,1,0
2021-09-13,3350,3112,178,60,0,9,0,0
2021-09-14,4203,3928,171,104,1,9,0,0
2021-09-15,7611,7114,397,100,2,9,0,0
2021-09-16,4910,4435,362,113,3,9,0,0
2021-09-17,8462,7981,374,107,4,9,0,0
2021-09-18,6068,5505,463,100,5,9,1,0
2021-09-19,7533,7020,427,86,6,9,1,0
2021-09-20,3210,2826,318,66,0,9,0,0
2021-09-21,3242,2942,214,86,1,9,0,0
2021-09-22,7549,7019,425,105,2,9,0,1
2021-09-23,4972,4479,386,107,3,9,0,0
2021-09-24,8797,8235,443,119,4,9,0,0
2021-09-25,5217,4643,457,117,5,9,1,0
2021-09-26,8500,7945,447,108,6,9,1,0
2021-09-27,3723,3361,296,66,0,9,0,0
2021-09-28,5259,4741,401,117,1,9,0,0
2021-09-29,8153,7614,447,92,2,9,0,0
2021-09-30,5368,4852,406,110,3,9,0,0
2021-10-01,7889,7504,281,104,4,10,0,1
2021-10-02,4353,3875,383,95,5,10,1,0
2021-10-03,8154,7662,383,109,6,10,1,0
2021-10-04,3339,2944,314,81,0,10,0,0
2021-10-05,3544,3220,255,69,1,10,0,0
2021-10-06,7552,7160,298,94,2,10,0,0
2021-10-07,3297,2955,279,63,3,10,0,0
2021-10-08,7532,7071,343,118,4,10,0,0
2021-10-09,2691,2244,364,83,5,10,1,0
2021-10-10,7983,7523,333,127,6,10,1,0
2021-10-11,4832,4333,421,78,0,10,0,0
2021-10-12,3581,3078,446,57,1,10,0,0
2021-10-13,5986,5477,397,112,2,10,0,0
2021-10-14,5438,5012,309,117,3,10,0,1
2021-10-15,7866,7387,396,83,4,10,0,0
2021-10-16,4657,4168,399,90,5,10,1,0
2021-10-17,12014,11461,424,129,6,10,1,0
2021-10-18,3492,3097,314,81,0,10,0,0
2021-10-19,3697,3275,336,86,1,10,0,0
2021-10-20,7765,7304,345,116,2,10,0,0
2021-10-21,4557,4187,299,71,3,10,0,0
2021-10-22,7464,7046,337,81,4,10,0,0
2021-10-23,3255,2846,311,98,5,10,1,0
2021-10-24,7940,7403,393,144,6,10,1,0
2021-10-25,3341,2906,334,101,0,10,0,0
2021-10-26,3672,3190,384,98,1,10,0,0
2021-10-27,7663,7193,368,102,2,10,0,0
2021-10-28,3157,2801,269,87,3,10,0,0
2021-10-29,7203,6788,307,108,4,10,0,0
2021-10-30,3467,3068,305,94,5,10,1,0
2021-10-31,8032,7596,304,132,6,10,1,0
2021-11-01,3657,3261,290,106,0,11,0,0
2021-11-02,4231,3813,328,90,1,11,0,0
2021-11-03,7774,7224,444,106,2,11,0,0
2021-11-04,3404,3012,293,99,3,11,0,0
2021-11-05,7571,6985,439,147,4,11,0,0
2021-11-06,3918,3138,650,130,5,11,1,0
2021-11-07,7529,7004,408,117,6,11,1,0
2021-11-08,3243,2814,340,89,0,11,0,0
2021-11-09,3758,3315,344,99,1,11,0,0
2021-11-10,7574,7076,359,139,2,11,0,0
2021-11-11,4610,4151,378,81,3,11,0,0
2021-11-12,6970,6484,334,152,4,11,0,0
2021-11-13,3301,2810,395,96,5,11,1,0
2021-11-14,10160,9580,379,201,6,11,1,0
2021-11-15,4071,3344,615,112,0,11,0,0
2021-11-16,4144,3611,412,121,1,11,0,0
2021-11-17,7058,6550,327,181,2,11,0,0
2021-11-18,5871,5473,283,115,3,11,0,0
2021-11-19,6793,6357,315,121,4,11,0,0
2021-11-20,3900,3422,374,104,5,11,1,0
2021-11-21,9603,9160,323,120,6,11,1,0
2021-11-22,3814,3525,202,87,0,11,0,0
2021-11-23,4242,3821,312,109,1,11,0,0
2021-11-24,7325,6957,239,129,2,11,0,0
2021-11-25,6478,6081,269,128,3,11,0,0
2021-11-26,7724,7338,249,137,4,11,0,0
2021-11-27,3625,3211,288,126,5,11,1,0
2021-11-28,10756,10354,273,129,6,11,1,0
2021-11-29,2804,2525,220,59,0,11,0,0
2021-11-30,4022,3657,261,104,1,11,0,0
2021-12-01,10172,9563,349,260,2,12,0,0
2021-12-02,4454,3956,326,172,3,12,0,0
2021-12-03,9547,8995,385,167,4,12,0,0
2021-12-04,4122,3641,352,129,5,12,1,0
2021-12-05,11668,11068,435,165,6,12,1,0
2021-12-06,3074,2690,293,91,0,12,0,0
2021-12-07,3743,3393,240,110,1,12,0,0
2021-12-08,6616,6206,309,101,2,12,0,0
2021-12-09,6873,6479,270,124,3,12,0,0
2021-12-10,8052,7590,324,138,4,12,0,0
2021-12-11,4392,3974,324,94,5,12,1,0
2021-12-12,11234,10758,342,134,6,12,1,0
2021-12-13,3819,3454,289,76,0,12,0,0
2021-12-14,4340,3822,421,97,1,12,0,0
2021-12-15,9271,8673,435,163,2,12,0,0
2021-12-16,9399,8809,463,127,3,12,0,0
2021-12-17,8877,8347,376,154,4,12,0,0
2021-12-18,9267,8675,455,137,5,12,1,0
2021-12-19,43399,42797,455,147,6,12,1,0
2021-12-20,4725,4033,604,88,0,12,0,0
2021-12-21,7874,7394,361,119,1,12,0,0
2021-12-22,8170,7634,401,135,2,12,0,0
2021-12-23,3974,3476,396,102,3,12,0,0
2021-12-24,12043,11642,289,112,4,12,0,0
2021-12-25,3336,2942,324,70,5,12,1,1
2021-12-26,10166,9646,427,93,6,12,1,0
2021-12-27,4251,3856,293,102,0,12,0,0
2021-12-28,7766,7350,331,85,1,12,0,0
2021-12-29,8689,8240,328,121,2,12,0,0
2021-12-30,8256,7840,320,96,3,12,0,0
2021-12-31,9078,8622,346,110,4,12,0,0
2022-01-01,3348,3002,269,77,5,1,1,1
2022-01-02,13333,12823,371,139,6,1,1,0
2022-01-03,4448,4065,309,74,0,1,0,0
2022-01-04,4314,3889,326,99,1,1,0,0
2022-01-05,7962,7519,331,112,2,1,0,0
2022-01-06,4266,3826,342,98,3,1,0,0
2022-01-07,5242,4688,394,160,4,1,0,0
2022-01-08,5005,4494,404,107,5,1,1,0
2022-01-09,5346,4823,389,134,6,1,1,0
2022-01-10,3680,3301,304,75,0,1,0,0
2022-01-11,3697,3277,333,87,1,1,0,0
2022-01-12,4561,4099,386,76,2,1,0,0
2022-01-13,3903,3412,431,60,3,1,0,0
2022-01-14,5223,4637,463,123,4,1,0,0
2022-01-15,4950,4354,474,122,5,1,1,0
2022-01-16,5225,4639,471,115,6,1,1,0
2022-01-17,3619,3205,324,90,0,1,0,0
2022-01-18,3447,3048,332,67,1,1,0,0
2022-01-19,3771,3362,320,89,2,1,0,0
2022-01-20,3265,2835,359,71,3,1,0,0
2022-01-21,5034,4535,414,85,4,1,0,0
2022-01-22,4436,3923,450,63,5,1,1,0
2022-01-23,5017,4499,417,101,6,1,1,0
2022-01-24,3327,2941,316,70,0,1,0,0
2022-01-25,3726,3350,300,76,1,1,0,0
2022-01-26,4514,4104,333,77,2,1,0,0
2022-01-27,3438,3050,311,77,3,1,0,0
2022-01-28,4295,3877,333,85,4,1,0,0
2022-01-29,3262,2885,307,70,5,1,1,0
2022-01-30,3924,3551,291,82,6,1,1,0
2022-01-31,1956,1740,155,61,0,1,0,0
2022-02-01,1883,1670,174,39,1,2,0,1
2022-02-02,2856,2540,243,73,2,2,0,1
2022-02-03,2815,2504,254,57,3,2,0,1
2022-02-04,3234,2821,351,62,4,2,0,0
2022-02-05,3816,3384,384,48,5,2,1,0
2022-02-06,5788,5231,442,115,6,2,1,0
2022-02-07,3723,3317,337,69,0,2,0,0
2022-02-08,4320,3768,485,67,1,2,0,0
2022-02-09,4805,4308,430,67,2,2,0,0
2022-02-10,3854,3458,301,95,3,2,0,0
2022-02-11,3646,3335,245,66,4,2,0,0
2022-02-12,4055,3760,221,74,5,2,1,0
2022-02-13,5648,5309,256,83,6,2,1,0
2022-02-14,3936,3679,225,32,0,2,0,0
2022-02-15,4561,4271,237,53,1,2,0,0
2022-02-16,5335,4966,275,94,2,2,0,0
2022-02-17,4461,4095,304,62,3,2,0,0
2022-02-18,4230,3876,281,73,4,2,0,0
2022-02-19,5089,4691,355,43,5,2,1,0
2022-02-20,5296,4931,293,72,6,2,1,0
2022-02-21,3984,3643,285,56,0,2,0,0
2022-02-22,4537,4173,317,47,1,2,0,0
2022-02-23,4616,4265,288,63,2,2,0,0
2022-02-24,3809,3432,317,60,3,2,0,0
2022-02-25,3762,3416,313,33,4,2,0,0
2022-02-26,4344,4094,221,29,5,2,1,0
2022-02-27,4967,4586,339,42,6,2,1,0
2022-02-28,3346,3070,254,22,0,2,0,0
2022-03-01,4172,3890,238,44,1,3,0,0
2022-03-02,5234,4909,253,72,2,3,0,0
2022-03-03,3920,3633,208,79,3,3,0,0
2022-03-04,4270,3924,302,44,4,3,0,0
2022-03-05,3792,3535,219,38,5,3,1,0
2022-03-06,5913,5626,225,62,6,3,1,0
2022-03-07,2649,2494,112,43,0,3,0,0
2022-03-08,3000,2814,148,38,1,3,0,0
2022-03-09,4800,4570,151,79,2,3,0,0
2022-03-10,3472,3233,180,59,3,3,0,0
2022-03-11,3587,3360,161,66,4,3,0,0
2022-03-12,2965,2783,131,51,5,3,1,0
2022-03-13,3883,3702,128,53,6,3,1,0
2022-03-14,2754,2559,149,46,0,3,0,0
2022-03-15,3399,3206,147,46,1,3,0,0
2022-03-16,4301,4110,138,53,2,3,0,0
2022-03-17,2735,2554,147,34,3,3,0,0
2022-03-18,3199,2984,156,59,4,3,0,0
2022-03-19,2996,2810,128,58,5,3,1,0
2022-03-20,3303,3115,127,61,6,3,1,0
2022-03-21,1654,1525,93,36,0,3,0,0
2022-03-22,1941,1825,90,26,1,3,0,0
2022-03-23,2872,2715,115,42,2,3,0,0
2022-03-24,2784,2631,121,32,3,3,0,0
2022-03-25,3163,2972,132,59,4,3,0,0
2022-03-26,2778,2562,186,30,5,3,1,0
2022-03-27,3673,3506,120,47,6,3,1,0
2022-03-28,1909,1730,150,29,0,3,0,0
2022-03-29,2672,2544,102,26,1,3,0,0
2022-03-30,2898,2757,105,36,2,3,0,0
2022-03-31,2751,2528,126,97,3,3,0,0
2022-04-01,5635,5332,229,74,4,4,0,0
2022-04-02,4351,4156,136,59,5,4,1,0
2022-04-03,4277,4083,152,42,6,4,1,0
2022-04-04,3808,3585,177,46,0,4,0,0
2022-04-05,3400,3202,163,35,1,4,0,1
2022-04-06,3840,3592,198,50,2,4,0,0
2022-04-07,3651,3365,224,62,3,4,0,0
2022-04-08,4778,4502,205,71,4,4,0,0
2022-04-09,4447,4234,148,65,5,4,1,0
2022-04-10,4532,4334,145,53,6,4,1,0
2022-04-11,3895,3696,151,48,0,4,0,0
2022-04-12,3868,3655,166,47,1,4,0,0
2022-04-13,4731,4481,194,56,2,4,0,0
2022-04-14,3931,3728,149,54,3,4,0,0
2022-04-15,4741,4493,205,43,4,4,0,0
2022-04-16,4131,3915,182,34,5,4,1,0
2022-04-17,4247,4005,178,64,6,4,1,0
2022-04-18,4594,4346,211,37,0,4,0,0
2022-04-19,4060,3833,190,37,1,4,0,0
2022-04-20,5221,4942,206,73,2,4,0,0
2022-04-21,4692,4432,209,51,3,4,0,0
2022-04-22,5061,4802,205,54,4,4,0,0
2022-04-23,5352,5012,277,63,5,4,1,0
2022-04-24,5778,5473,228,77,6,4,1,0
2022-04-25,3982,3687,244,51,0,4,0,0
2022-04-26,4124,3890,180,54,1,4,0,0
2022-04-27,5746,5428,238,80,2,4,0,0
2022-04-28,5655,5354,245,56,3,4,0,0
2022-04-29,6155,5815,251,89,4,4,0,0
2022-04-30,7862,7485,286,91,5,4,1,0
2022-05-01,8096,7554,429,113,6,5,1,1
2022-05-02,6549,6047,430,72,0,5,0,1
2022-05-03,4550,4181,261,108,1,5,0,0
2022-05-04,4869,4514,235,120,2,5,0,0
2022-05-05,5761,5335,318,108,3,5,0,0
2022-05-06,5931,5474,305,152,4,5,0,0
2022-05-07,7152,6639,357,156,5,5,1,0
2022-05-08,8779,8138,489,152,6,5,1,1
2022-05-09,6449,5904,430,115,0,5,0,1
2022-05-10,5996,5510,366,120,1,5,0,0
2022-05-11,5104,4493,413,198,2,5,0,0
2022-05-12,5686,4977,489,220,3,5,0,0
2022-05-13,5806,5154,422,230,4,5,0,0
2022-05-14,6476,5852,421,203,5,5,1,0
2022-05-15,9034,8187,627,220,6,5,1,0
2022-05-16,6661,5993,473,195,0,5,0,0
2022-05-17,5268,4606,524,138,1,5,0,0
2022-05-18,5974,5140,642,192,2,5,0,0
2022-05-19,6628,5491,911,226,3,5,0,0
2022-05-20,6826,5752,865,209,4,5,0,0
2022-05-21,6590,5689,714,187,5,5,1,0
2022-05-22,8317,7151,934,232,6,5,1,0
2022-05-23,6269,5171,874,224,0,5,0,0
2022-05-24,5486,4581,771,134,1,5,0,0
2022-05-25,6688,4950,1522,216,2,5,0,0
2022-05-26,7006,5533,1194,279,3,5,0,0
2022-05-27,7207,5532,1427,248,4,5,0,0
2022-05-28,7033,5857,938,238,5,5,1,0
2022-05-29,9739,7454,1926,359,6,5,1,0
2022-05-30,6259,4785,1280,194,0,5,0,0
2022-05-31,6583,5306,1075,202,1,5,0,0
2022-06-01,8679,6398,1983,298,2,6,0,0
2022-06-02,8063,6241,1553,269,3,6,0,0
2022-06-03,7829,5841,1695,293,4,6,0,1
2022-06-04,7531,6027,1224,280,5,6,1,0
2022-06-05,11010,8304,2340,366,6,6,1,0
2022-06-06,7064,5009,1814,241,0,6,0,0
2022-06-07,7137,5390,1532,215,1,6,0,0
2022-06-08,9519,7123,2108,288,2,6,0,0
2022-06-09,7657,5596,1759,302,3,6,0,0
2022-06-10,9608,6902,2385,321,4,6,0,0
2022-06-11,9808,7681,1817,310,5,6,1,0
2022-06-12,10126,7586,2196,344,6,6,1,0
2022-06-13,7375,5125,1973,277,0,6,0,0
2022-06-14,7601,5598,1735,268,1,6,0,0
2022-06-15,9450,6437,2662,351,2,6,0,0
2022-06-16,8672,6264,2058,350,3,6,0,0
2022-06-17,10113,7098,2685,330,4,6,0,0
2022-06-18,10832,8695,1782,355,5,6,1,0
2022-06-19,11240,8276,2622,342,6,6,1,0
2022-06-20,8178,5675,2176,327,0,6,0,0
2022-06-21,9431,6980,2080,371,1,6,0,0
2022-06-22,8382,5959,2159,264,2,6,0,0
2022-06-23,10371,7750,2235,386,3,6,0,0
2022-06-24,10591,8119,2133,339,4,6,0,0
2022-06-25,11350,9065,1956,329,5,6,1,0
2022-06-26,11829,9058,2431,340,6,6,1,0
2022-06-27,8770,6036,2445,289,0,6,0,0
2022-06-28,10947,8508,2154,285,1,6,0,0
2022-06-29,10083,7197,2554,332,2,6,0,0
2022-06-30,11205,8473,2377,355,3,6,0,0
2022-07-01,12954,9671,2918,365,4,7,0,1
2022-07-02,11401,8551,2392,458,5,7,1,0
2022-07-03,13767,10859,2434,474,6,7,1,0
2022-07-04,9407,6531,2525,351,0,7,0,0
2022-07-05,10104,7722,2014,368,1,7,0,0
2022-07-06,9690,6854,2432,404,2,7,0,0
2022-07-07,9065,6783,1966,316,3,7,0,0
2022-07-08,12829,9753,2608,468,4,7,0,0
2022-07-09,11795,8516,2701,578,5,7,1,0
2022-07-10,14516,11092,2921,503,6,7,1,0
2022-07-11,9849,6828,2620,401,0,7,0,0
2022-07-12,11677,8554,2670,453,1,7,0,0
2022-07-13,9981,6891,2699,391,2,7,0,0
2022-07-14,10272,7578,2296,398,3,7,0,0
2022-07-15,13146,9665,2955,526,4,7,0,0
2022-07-16,11804,8775,2462,567,5,7,1,0
2022-07-17,13973,11102,2393,478,6,7,1,0
2022-07-18,10153,7406,2362,385,0,7,0,0
2022-07-19,10997,8235,2353,409,1,7,0,0
2022-07-20,11239,8052,2729,458,2,7,0,0
2022-07-21,10502,7657,2463,382,3,7,0,0
2022-07-22,13217,9816,2925,476,4,7,0,0
2022-07-23,12334,9389,2469,476,5,7,1,0
2022-07-24,15089,11723,2833,533,6,7,1,0
2022-07-25,11769,8306,3058,405,0,7,0,0
2022-07-26,11020,8008,2588,424,1,7,0,0
2022-07-27,10872,7600,2838,434,2,7,0,0
2022-07-28,11268,8254,2591,423,3,7,0,0
2022-07-29,13048,9651,2915,482,4,7,0,0
2022-07-30,13207,9870,2682,655,5,7,1,0
2022-07-31,15138,11874,2771,493,6,7,1,0
2022-08-01,13160,10000,2640,520,0,8,0,0
2022-08-02,12757,10025,2319,413,1,8,0,0
2022-08-03,12702,9574,2627,501,2,8,0,0
2022-08-04,11702,8871,2382,449,3,8,0,0
2022-08-05,14432,11004,2896,532,4,8,0,0
2022-08-06,13930,10634,2719,577,5,8,1,0
2022-08-07,15891,12944,2449,498,6,8,1,0
2022-08-08,13047,9766,2790,491,0,8,0,0
2022-08-09,14076,10869,2660,547,1,8,0,0
2022-08-10,13047,9651,2823,573,2,8,0,0
2022-08-11,13242,9825,2842,575,3,8,0,0
2022-08-12,16190,12307,3237,646,4,8,0,0
2022-08-13,14865,11392,2754,719,5,8,1,0
2022-08-14,18673,14952,3058,663,6,8,1,0
2022-08-15,14869,11704,2619,546,0,8,0,0
2022-08-16,15674,12634,2420,620,1,8,0,0
2022-08-17,14437,10725,3049,663,2,8,0,0
2022-08-18,16390,12731,2999,660,3,8,0,0
2022-08-19,16920,12713,3508,699,4,8,0,0
2022-08-20,17687,13862,2941,884,5,8,1,0
2022-08-21,20474,16437,3314,723,6,8,1,0
2022-08-22,15511,11944,2943,624,0,8,0,0
2022-08-23,17302,13584,2991,727,1,8,0,0
2022-08-24,17252,12928,3674,650,2,8,0,0
2022-08-25,12736,9424,2710,602,3,8,0,0
2022-08-26,21586,15205,5333,1048,4,8,0,0
2022-08-27,18417,13937,3661,819,5,8,1,0
2022-08-28,22066,17132,4039,895,6,8,1,0
2022-08-29,15236,11459,3085,692,0,8,0,0
2022-08-30,18696,13406,4406,884,1,8,0,0
2022-08-31,16215,11945,3565,705,2,8,0,0
2022-09-01,17906,13314,3736,856,3,9,0,0
2022-09-02,18265,13062,4104,1099,4,9,0,0
2022-09-03,17293,12814,3560,919,5,9,1,0
2022-09-04,19853,14782,4157,914,6,9,1,0
2022-09-05,12625,8888,3026,711,0,9,0,0
2022-09-06,16067,10972,4214,881,1,9,0,0
2022-09-07,12943,8895,3206,842,2,9,0,0
2022-09-08,13339,9029,3494,816,3,9,0,0
2022-09-09,16412,11216,4182,1014,4,9,0,0
2022-09-10,12241,8379,3059,803,5,9,1,0
2022-09-11,17112,12103,4037,972,6,9,1,0
2022-09-12,13434,9549,3189,696,0,9,0,1
2022-09-13,14841,10549,3492,800,1,9,0,0
2022-09-14,12425,8383,3277,765,2,9,0,0
2022-09-15,14525,10161,3480,884,3,9,0,0
2022-09-16,15727,10606,4024,1097,4,9,0,0
2022-09-17,13959,10061,2944,954,5,9,1,0
2022-09-18,17516,12821,3719,976,6,9,1,0
2022-09-19,11880,8087,3104,689,0,9,0,0
2022-09-20,15018,10423,3661,934,1,9,0,0
2022-09-21,13128,8823,3531,774,2,9,0,0
2022-09-22,13158,9132,3177,849,3,9,0,0
2022-09-23,15271,10752,3522,997,4,9,0,0
2022-09-24,13016,9273,2969,774,5,9,1,0
2022-09-25,16313,11800,3554,959,6,9,1,0
2022-09-26,12867,9267,2873,727,0,9,0,0
2022-09-27,15701,11373,3356,972,1,9,0,0
2022-09-28,15054,10866,3150,1038,2,9,0,0
2022-09-29,15837,11586,3142,1109,3,9,0,0
2022-09-30,20021,14961,3749,1311,4,9,0,0
2022-10-01,17555,13440,2803,1312,5,10,1,1
2022-10-02,18522,13963,3108,1451,6,10,1,0
2022-10-03,15502,11335,2928,1239,0,10,0,0
2022-10-04,18337,13996,3065,1276,1,10,0,1
2022-10-05,15333,11215,2868,1250,2,10,0,0
2022-10-06,16209,11977,2840,1392,3,10,0,0
2022-10-07,17769,12901,3310,1558,4,10,0,0
2022-10-08,17860,13352,2943,1565,5,10,1,0
2022-10-09,20707,15918,3030,1759,6,10,1,0
2022-10-10,16131,11707,2917,1507,0,10,0,0
2022-10-11,19119,14217,3147,1755,1,10,0,0
2022-10-12,16096,11798,2738,1560,2,10,0,0
2022-10-13,18231,13842,2580,1809,3,10,0,0
2022-10-14,21462,15881,3577,2004,4,10,0,0
2022-10-15,20915,16126,2900,1889,5,10,1,0
2022-10-16,25505,20144,3006,2355,6,10,1,0
2022-10-17,19404,14927,2632,1845,0,10,0,0
2022-10-18,20516,15529,2962,2025,1,10,0,0
2022-10-19,19077,14429,2770,1878,2,10,0,0
2022-10-20,21369,16589,2738,2042,3,10,0,0
2022-10-21,24807,18937,3488,2382,4,10,0,0
2022-10-22,23043,18235,2710,2098,5,10,1,0
2022-10-23,25680,20247,2987,2446,6,10,1,0
2022-10-24,21268,16527,2900,1841,0,10,0,0
2022-10-25,22310,17002,3117,2191,1,10,0,0
2022-10-26,21530,16265,3206,2059,2,10,0,0
2022-10-27,22354,17364,2811,2179,3,10,0,0
2022-10-28,27012,20468,3892,2652,4,10,0,0
2022-10-29,23977,18648,2995,2334,5,10,1,0
2022-10-30,28372,22243,3231,2898,6,10,1,0
2022-10-31,22477,17425,2717,2335,0,10,0,0
2022-11-01,26499,20258,3394,2847,1,11,0,0
2022-11-02,22730,17615,2635,2480,2,11,0,0
2022-11-03,25962,19868,3313,2781,3,11,0,0
2022-11-04,26883,20554,3488,2841,4,11,0,0
2022-11-05,28079,21755,3378,2946,5,11,1,0
2022-11-06,32885,25641,4001,3243,6,11,1,0
2022-11-07,26396,20133,3102,3161,0,11,0,0
2022-11-08,29194,22107,3938,3149,1,11,0,0
2022-11-09,26270,20148,3206,2916,2,11,0,0
2022-11-10,27007,20597,3437,2973,3,11,0,0
2022-11-11,30242,22280,4581,3381,4,11,0,0
2022-11-12,29808,22973,3504,3331,5,11,1,0
2022-11-13,34824,26886,4277,3661,6,11,1,0
2022-11-14,27346,20866,3273,3207,0,11,0,0
2022-11-15,30893,22878,4406,3609,1,11,0,0
2022-11-16,28840,21911,3536,3393,2,11,0,0
2022-11-17,27554,20639,3452,3463,3,11,0,0
2022-11-18,31276,23552,4229,3495,4,11,0,0
2022-11-19,32221,24593,3927,3701,5,11,1,0
2022-11-20,36353,28363,4132,3858,6,11,1,0
2022-11-21,29294,22465,3323,3506,0,11,0,0
2022-11-22,31319,23316,4313,3690,1,11,0,0
2022-11-23,30574,23170,3703,3701,2,11,0,0
2022-11-24,29699,22278,3736,3685,3,11,0,0
2022-11-25,32182,24229,4243,3710,4,11,0,0
2022-11-26,33514,25774,3572,4168,5,11,1,0
2022-11-27,37739,29155,4078,4506,6,11,1,0
2022-11-28,30756,23626,3302,3828,0,11,0,0
2022-11-29,33194,25154,4053,3987,1,11,0,0
2022-11-30,34970,27140,3708,4122,2,11,0,0
2022-12-01,35480,27504,3696,4280,3,12,0,0
2022-12-02,34302,26089,4263,3950,4,12,0,0
2022-12-03,38003,29733,3737,4533,5,12,1,0
2022-12-04,41762,32787,4249,4726,6,12,1,0
2022-12-05,35472,26991,3936,4545,0,12,0,0
2022-12-06,37801,28886,4379,4536,1,12,0,0
2022-12-07,35909,27547,3995,4367,2,12,0,0
2022-12-08,41083,31638,4545,4900,3,12,0,0
2022-12-09,41490,32491,4419,4580,4,12,0,0
2022-12-10,43902,35134,3864,4904,5,12,1,0
2022-12-11,46273,36885,4454,4934,6,12,1,0
2022-12-12,39235,30334,4111,4790,0,12,0,0
2022-12-13,42551,33590,4216,4745,1,12,0,0
2022-12-14,41886,33432,4124,4330,2,12,0,0
2022-12-15,47995,38210,4644,5141,3,12,0,0
2022-12-16,52612,43061,4618,4933,4,12,0,0
2022-12-17,54145,45374,3736,5035,5,12,1,0
2022-12-18,54553,45153,4120,5280,6,12,1,0
2022-12-19,46475,37277,3877,5321,0,12,0,0
2022-12-20,51284,40875,4563,5846,1,12,0,0
2022-12-21,49200,39456,3979,5765,2,12,0,0
2022-12-22,53210,42583,4641,5986,3,12,0,0
2022-12-23,52448,41851,4697,5900,4,12,0,0
2022-12-24,49845,39249,4404,6192,5,12,1,0
2022-12-25,48804,37734,5391,5679,6,12,1,1
2022-12-26,47083,35726,5133,6224,0,12,0,1
2022-12-27,53556,42210,4641,6705,1,12,0,0
2022-12-28,50522,38844,4261,7417,2,12,0,0
2022-12-29,51823,39130,4747,7946,3,12,0,0
2022-12-30,52414,39323,4549,8542,4,12,0,0
2022-12-31,51618,40479,4091,7048,5,12,1,0
2023-01-01,58094,45506,4306,8282,6,1,1,1
2023-01-02,62463,48588,3948,9927,0,1,0,1
2023-01-03,55244,42586,4255,8403,1,1,0,0
2023-01-04,53829,41535,4316,7978,2,1,0,0
2023-01-05,51809,38873,4793,8143,3,1,0,0
2023-01-06,55929,42117,5409,8403,4,1,0,0
2023-01-07,61367,44965,6997,9405,5,1,1,0
2023-01-08,108507,82047,13374,13086,6,1,1,0
2023-01-09,85132,63805,10494,10833,0,1,0,0
2023-01-10,90073,67398,11132,11543,1,1,0,0
2023-01-11,92345,67252,12567,12526,2,1,0,0
2023-01-12,100957,72996,14736,13225,3,1,0,0
2023-01-13,114058,83542,16121,14395,4,1,0,0
2023-01-14,126623,91861,17480,17282,5,1,1,0
2023-01-15,138585,101274,19335,17976,6,1,1,0
2023-01-16,119554,88040,17736,13778,0,1,0,0
2023-01-17,128576,96328,19140,13108,1,1,0,0
2023-01-18,159246,122280,22757,14209,2,1,0,0
2023-01-19,176968,137126,24414,15428,3,1,0,0
2023-01-20,189105,148217,24643,16245,4,1,0,0
2023-01-21,169249,137713,15384,16152,5,1,1,0
2023-01-22,156876,126470,15947,14459,6,1,1,0
2023-01-23,187582,145715,23540,18327,0,1,0,1
2023-01-24,210649,160266,28460,21923,1,1,0,1
2023-01-25,236119,185287,30040,20792,2,1,0,1
2023-01-26,216563,161410,34967,20186,3,1,0,0
2023-01-27,214132,158838,33796,21498,4,1,0,0
2023-01-28,231478,182039,27103,22336,5,1,1,0
2023-01-29,267685,222068,26125,19492,6,1,1,0
2023-01-30,207034,164671,26920,15443,0,1,0,0
2023-01-31,184696,143688,27461,13547,1,1,0,0
2023-02-01,162174,119697,28620,13857,2,2,0,0
2023-02-02,151338,106173,30314,14851,3,2,0,0
2023-02-03,170190,120042,32665,17483,4,2,0,0
2023-02-04,181176,125762,33213,22201,5,2,1,0
2023-02-05,172957,124801,26042,22114,6,2,1,0
2023-02-06,284191,220173,45467,18551,0,2,0,0
2023-02-07,273252,210096,45034,18122,1,2,0,0
2023-02-08,286358,216225,51656,18477,2,2,0,0
2023-02-09,298696,222531,56237,19928,3,2,0,0
2023-02-10,369762,275917,71100,22745,4,2,0,0
2023-02-11,447115,324571,92650,29894,5,2,1,0
2023-02-12,479307,358936,89224,31147,6,2,1,0
2023-02-13,359394,264513,72906,21975,0,2,0,0
2023-02-14,331541,240393,70603,20545,1,2,0,0
2023-02-15,350462,251265,76847,22350,2,2,0,0
2023-02-16,358740,253529,82992,22219,3,2,0,0
2023-02-17,427456,304926,96622,25908,4,2,0,0
2023-02-18,518412,352335,133051,33026,5,2,1,0
2023-02-19,530779,381882,115758,33139,6,2,1,0
2023-02-20,392060,283362,85108,23590,0,2,0,0
2023-02-21,366955,260086,84831,22038,1,2,0,0
2023-02-22,377920,262632,91239,24049,2,2,0,0
2023-02-23,387480,271594,90100,25786,3,2,0,0
2023-02-24,467425,331332,107153,28940,4,2,0,0
2023-02-25,572001,380017,153429,38555,5,2,1,0
2023-02-26,567439,400660,129323,37456,6,2,1,0
2023-02-27,427275,304151,93976,29148,0,2,0,0
2023-02-28,405993,280659,95745,29589,1,2,0,0
2023-03-01,409740,279647,101858,28235,2,3,0,0
2023-03-02,417823,287167,104499,26157,3,3,0,0
2023-03-03,492052,344904,117705,29443,4,3,0,0
2023-03-04,591214,387833,168620,34761,5,3,1,0
2023-03-05,594407,416162,140420,37825,6,3,1,0
2023-03-06,431730,303995,97519,30216,0,3,0,0
2023-03-07,408544,287092,93307,28145,1,3,0,0
2023-03-08,418274,286476,100994,30804,2,3,0,0
2023-03-09,430836,296785,104353,29698,3,3,0,0
2023-03-10,503172,353925,119296,29951,4,3,0,0
2023-03-11,617305,403918,177284,36103,5,3,1,0
2023-03-12,633798,451663,145586,36549,6,3,1,0
2023-03-13,451330,318055,105603,27672,0,3,0,0
2023-03-14,420429,292778,102525,25126,1,3,0,0
2023-03-15,422112,289944,105450,26718,2,3,0,0
2023-03-16,445982,303177,114946,27859,3,3,0,0
2023-03-17,526860,361026,134068,31766,4,3,0,0
2023-03-18,641693,411681,193404,36608,5,3,1,0
2023-03-19,643105,437355,167752,37998,6,3,1,0
2023-03-20,465045,317765,116752,30528,0,3,0,0
2023-03-21,440249,292907,117862,29480,1,3,0,0
2023-03-22,434098,287339,118103,28656,2,3,0,0
2023-03-23,449704,296359,123431,29914,3,3,0,0
2023-03-24,535686,355409,147906,32371,4,3,0,0
2023-03-25,615801,391988,188630,35183,5,3,1,0
2023-03-26,587029,402079,147078,37872,6,3,1,0
2023-03-27,446941,308418,108151,30372,0,3,0,0
2023-03-28,438667,295810,113898,28959,1,3,0,0
2023-03-29,448633,300493,113401,34739,2,3,0,0
2023-03-30,462094,318451,112710,30933,3,3,0,0
2023-03-31,551395,399127,121603,30665,4,3,0,0
2023-04-01,693466,480822,177318,35326,5,4,1,0
2023-04-02,638821,464913,138211,35697,6,4,1,0
2023-04-03,496481,372742,92373,31366,0,4,0,0
2023-04-04,594780,477619,88054,29107,1,4,0,0
2023-04-05,667994,511045,118235,38714,2,4,0,1
2023-04-06,580290,461759,80995,37536,3,4,0,0
2023-04-07,750591,621229,87307,42055,4,4,0,0
2023-04-08,709169,519258,150948,38963,5,4,1,0
2023-04-09,785019,609395,136092,39532,6,4,1,0
2023-04-10,779850,649658,101033,29159,0,4,0,0
2023-04-11,582649,423888,129751,29010,1,4,0,0
2023-04-12,541363,366909,136547,37907,2,4,0,0
2023-04-13,523774,350196,139235,34343,3,4,0,0
2023-04-14,582790,387358,157868,37564,4,4,0,0
2023-04-15,715177,438002,237530,39645,5,4,1,0
2023-04-16,707788,472757,193283,41748,6,4,1,0
2023-04-17,513346,341849,136495,35002,0,4,0,0
2023-04-18,495112,314184,144578,36350,1,4,0,0
2023-04-19,455168,288710,128634,37824,2,4,0,0
2023-04-20,464541,294463,129479,40599,3,4,0,0
2023-04-21,548727,349408,154899,44420,4,4,0,0
2023-04-22,658750,413554,198503,46693,5,4,1,0
2023-04-23,651279,445953,157663,47663,6,4,1,0
2023-04-24,497098,329511,129726,37861,0,4,0,0
2023-04-25,474111,309090,126588,38433,1,4,0,0
2023-04-26,491364,316252,135075,40037,2,4,0,0
2023-04-27,513788,329887,141710,42191,3,4,0,0
2023-04-28,614354,396177,174334,43843,4,4,0,0
2023-04-29,775085,450842,276216,48027,5,4,1,0
2023-04-30,802533,465810,288799,47924,6,4,1,0
2023-05-01,746053,441273,263526,41254,0,5,0,1
2023-05-02,568879,270646,264240,33993,1,5,0,0
2023-05-03,480434,255429,189497,35508,2,5,0,0
2023-05-04,429999,282376,114631,32992,3,5,0,0
2023-05-05,492143,329593,125774,36776,4,5,0,0
2023-05-06,578597,401901,138176,38520,5,5,1,0
2023-05-07,581307,390088,149384,41835,6,5,1,0
2023-05-08,461312,315977,112730,32605,0,5,0,0
2023-05-09,466585,319881,115257,31447,1,5,0,0
2023-05-10,497626,325134,139480,33012,2,5,0,0
2023-05-11,511224,325823,153153,32248,3,5,0,0
2023-05-12,559350,376444,147113,35793,4,5,0,0
2023-05-13,730105,451802,240603,37700,5,5,1,0
2023-05-14,684276,463762,182219,38295,6,5,1,0
2023-05-15,504156,339986,131149,33021,0,5,0,0
2023-05-16,488564,327670,128659,32235,1,5,0,0
2023-05-17,472963,314816,125229,32918,2,5,0,0
2023-05-18,487389,325742,129089,32558,3,5,0,0
2023-05-19,558703,377847,143841,37015,4,5,0,0
2023-05-20,712508,449096,223051,40361,5,5,1,0
2023-05-21,685333,461878,183135,40320,6,5,1,0
2023-05-22,491295,341056,117471,32768,0,5,0,0
2023-05-23,453499,310921,111432,31146,1,5,0,0
2023-05-24,473612,324540,117151,31921,2,5,0,0
2023-05-25,613407,454314,126840,32253,3,5,0,0
2023-05-26,856690,691579,121752,43359,4,5,0,1
2023-05-27,687744,450693,194320,42731,5,5,1,0
2023-05-28,740747,534741,165829,40177,6,5,1,0
2023-05-29,504011,354633,116841,32537,0,5,0,0
2023-05-30,461077,319661,110541,30875,1,5,0,0
2023-05-31,444776,307056,105879,31841,2,5,0,0
2023-06-01,442739,296011,114604,32124,3,6,0,0
2023-06-02,513603,355609,120360,37634,4,6,0,0
2023-06-03,623817,409893,173399,40525,5,6,1,0
2023-06-04,617740,428393,147237,42110,6,6,1,0
2023-06-05,476764,331486,107228,38050,0,6,0,0
2023-06-06,463984,311626,116944,35414,1,6,0,0
2023-06-07,473460,317990,120725,34745,2,6,0,0
2023-06-08,483127,328151,119743,35233,3,6,0,0
2023-06-09,561900,388679,134266,38955,4,6,0,0
2023-06-10,703325,459750,201340,42235,5,6,1,0
2023-06-11,723631,506889,172161,44581,6,6,1,0
2023-06-12,511372,351985,119942,39445,0,6,0,0
2023-06-13,477548,324245,117582,35721,1,6,0,0
2023-06-14,475522,321990,117377,36155,2,6,0,0
2023-06-15,480423,326893,117943,35587,3,6,0,0
2023-06-16,558640,388386,130702,39552,4,6,0,0
2023-06-17,674054,450287,183882,39885,5,6,1,0
2023-06-18,693408,490102,161124,42182,6,6,1,0
2023-06-19,521919,362872,121648,37399,0,6,0,0
2023-06-20,512419,351234,124620,36565,1,6,0,0
2023-06-21,626001,444065,143368,38568,2,6,0,0
2023-06-22,729455,488053,200268,41134,3,6,0,1
2023-06-23,674647,393753,238332,42562,4,6,0,0
2023-06-24,699207,481946,173752,43509,5,6,1,0
2023-06-25,760304,580570,133762,45972,6,6,1,0
2023-06-26,556114,387640,127455,41019,0,6,0,0
2023-06-27,527402,361062,129444,36896,1,6,0,0
2023-06-28,535007,362210,132482,40315,2,6,0,0
2023-06-29,542374,366999,135829,39546,3,6,0,0
2023-06-30,688305,498749,150635,38921,4,6,0,0
2023-07-01,863301,610031,211864,41406,5,7,1,1
2023-07-02,801307,586363,171486,43458,6,7,1,0
2023-07-03,545238,371531,136279,37428,0,7,0,0
2023-07-04,522877,345853,139657,37367,1,7,0,0
2023-07-05,555271,361895,154696,38680,2,7,0,0
2023-07-06,553301,358518,155079,39704,3,7,0,0
2023-07-07,628830,422140,165871,40819,4,7,0,0
2023-07-08,793236,512054,236587,44595,5,7,1,0
2023-07-09,816929,555818,214366,46745,6,7,1,0
2023-07-10,589072,386159,162039,40874,0,7,0,0
2023-07-11,567173,362217,167086,37870,1,7,0,0
2023-07-12,585483,367863,179157,38463,2,7,0,0
2023-07-13,595958,378622,180051,37285,3,7,0,0
2023-07-14,659804,432811,186820,40173,4,7,0,0
2023-07-15,832423,534094,255296,43033,5,7,1,0
2023-07-16,761197,504567,214833,41797,6,7,1,0
2023-07-17,352891,220405,101935,30551,0,7,0,0
2023-07-18,560240,371695,152641,35904,1,7,0,0
2023-07-19,599292,386701,174806,37785,2,7,0,0
2023-07-20,629838,400504,192941,36393,3,7,0,0
2023-07-21,696194,447325,209173,39696,4,7,0,0
2023-07-22,898362,562974,293279,42109,5,7,1,0
2023-07-23,920120,611598,264392,44130,6,7,1,0
2023-07-24,650831,423814,188600,38417,0,7,0,0
2023-07-25,613204,384046,192314,36844,1,7,0,0
2023-07-26,611116,381701,193382,36033,2,7,0,0
2023-07-27,570762,353069,180601,37092,3,7,0,0
2023-07-28,599670,393945,165632,40093,4,7,0,0
2023-07-29,783523,511933,228390,43200,5,7,1,0
2023-07-30,886887,586732,254046,46109,6,7,1,0
2023-07-31,644224,420526,183289,40409,0,7,0,0
2023-08-01,615305,384619,192416,38270,1,8,0,0
2023-08-02,637134,393561,204613,38960,2,8,0,0
2023-08-03,645737,397007,210354,38376,3,8,0,0
2023-08-04,722240,451168,224126,46946,4,8,0,0
2023-08-05,926799,563216,315765,47818,5,8,1,0
2023-08-06,949915,615109,290376,44430,6,8,1,0
2023-08-07,673850,432620,203114,38116,0,8,0,0
2023-08-08,642909,405071,201314,36524,1,8,0,0
2023-08-09,672381,410194,222285,39902,2,8,0,0
2023-08-10,667233,401667,226030,39536,3,8,0,0
2023-08-11,730880,457321,229854,43705,4,8,0,0
2023-08-12,946087,583171,315886,47030,5,8,1,0
2023-08-13,968594,629708,291405,47481,6,8,1,0
2023-08-14,697950,443468,210279,44203,0,8,0,0
2023-08-15,668206,410295,219064,38847,1,8,0,0
2023-08-16,685090,416774,225071,43245,2,8,0,0
2023-08-17,668439,405507,222996,39936,3,8,0,0
2023-08-18,706841,452296,212422,42123,4,8,0,0
2023-08-19,962988,613068,296694,53226,5,8,1,0
2023-08-20,967937,645201,277732,45004,6,8,1,0
2023-08-21,705431,453111,211301,41019,0,8,0,0
2023-08-22,660578,417385,205855,37338,1,8,0,0
2023-08-23,671214,422904,209339,38971,2,8,0,0
2023-08-24,657796,413607,204103,40086,3,8,0,0
2023-08-25,719998,471295,205299,43404,4,8,0,0
2023-08-26,903665,590691,267674,45300,5,8,1,0
2023-08-27,943607,656048,240537,47022,6,8,1,0
2023-08-28,679386,460651,176815,41920,0,8,0,0
2023-08-29,577929,395712,147236,34981,1,8,0,0
2023-08-30,586044,413187,138360,34497,2,8,0,0
2023-08-31,580882,409122,134093,37667,3,8,0,0
2023-09-01,106906,68346,27632,10928,4,9,0,0
2023-09-02,227934,169765,34293,23876,5,9,1,0
2023-09-03,698192,521076,133445,43671,6,9,1,0
2023-09-04,516241,366234,111324,38683,0,9,0,0
2023-09-05,501300,349258,114538,37504,1,9,0,0
2023-09-06,511793,356288,119608,35897,2,9,0,0
2023-09-07,509345,356090,116224,37031,3,9,0,0
2023-09-08,314601,206441,71549,36611,4,9,0,0
2023-09-09,640657,456424,140771,43462,5,9,1,0
2023-09-10,691277,503325,144617,43335,6,9,1,0
2023-09-11,518857,364279,118062,36516,0,9,0,0
2023-09-12,506884,350362,123631,32891,1,9,0,0
2023-09-13,518539,355530,127212,35797,2,9,0,0
2023-09-14,457444,309261,112272,35911,3,9,0,0
2023-09-15,604677,431847,130025,42805,4,9,0,0
2023-09-16,795040,548700,198595,47745,5,9,1,0
2023-09-17,860899,612590,195771,52538,6,9,1,0
2023-09-18,583861,404780,135943,43138,0,9,0,0
2023-09-19,558896,378865,138518,41513,1,9,0,0
2023-09-20,567608,382486,144877,40245,2,9,0,0
2023-09-21,571094,383262,147724,40108,3,9,0,0
2023-09-22,647003,445206,157452,44345,4,9,0,0
2023-09-23,836094,560983,220022,55089,5,9,1,0
2023-09-24,845997,590066,202182,53749,6,9,1,0
2023-09-25,589970,410521,138355,41094,0,9,0,0
2023-09-26,565442,388599,139407,37436,1,9,0,0
2023-09-27,583767,398876,146027,38864,2,9,0,0
2023-09-28,606236,411704,151386,43146,3,9,0,0
2023-09-29,723884,481584,201489,40811,4,9,0,0
2023-09-30,939574,622011,271200,46363,5,9,1,1
2023-10-01,920384,555280,320192,44912,6,10,1,1
2023-10-02,981083,629976,308712,42395,0,10,0,1
2023-10-03,719881,366459,313324,40098,1,10,0,0
2023-10-04,672950,335373,300131,37446,2,10,0,0
2023-10-05,640313,334796,272318,33199,3,10,0,0
2023-10-06,614600,373223,203717,37660,4,10,0,0
2023-10-07,620247,448344,130573,41330,5,10,1,0
2023-10-08,387003,268195,83114,35694,6,10,1,0
2023-10-09,402889,267039,88139,47711,0,10,0,0
2023-10-10,545957,375438,125863,44656,1,10,0,0
2023-10-11,570727,389687,137064,43976,2,10,0,0
2023-10-12,592334,401601,143969,46764,3,10,0,0
2023-10-13,666905,460450,156231,50224,4,10,0,0
2023-10-14,871288,579962,232462,58864,5,10,1,0
2023-10-15,849800,604736,186017,59047,6,10,1,0
2023-10-16,611951,423813,138326,49812,0,10,0,0
2023-10-17,576631,393633,138170,44828,1,10,0,0
2023-10-18,564294,381029,136525,46740,2,10,0,0
2023-10-19,573715,389019,134504,50192,3,10,0,0
2023-10-20,704484,509800,142498,52186,4,10,0,0
2023-10-21,964298,689968,216145,58185,5,10,1,0
2023-10-22,999251,759422,177847,61982,6,10,1,0
2023-10-23,985156,806271,123926,54959,0,10,0,1
2023-10-24,626980,444004,136515,46461,1,10,0,0
2023-10-25,600247,405945,143796,50506,2,10,0,0
2023-10-26,618701,410237,155232,53232,3,10,0,0
2023-10-27,689490,470452,161244,57794,4,10,0,0
2023-10-28,829153,548203,222733,58217,5,10,1,0
2023-10-29,812208,564183,188010,60015,6,10,1,0
2023-10-30,624439,423345,146088,55006,0,10,0,0
2023-10-31,562133,387242,125396,49495,1,10,0,0
2023-11-01,580412,396276,132543,51593,2,11,0,0
2023-11-02,598927,409067,128960,60900,3,11,0,0
2023-11-03,690013,490169,141486,58358,4,11,0,0
2023-11-04,888433,608236,219829,60368,5,11,1,0
2023-11-05,885295,631314,192127,61854,6,11,1,0
2023-11-06,621136,441051,128369,51716,0,11,0,0
2023-11-07,584403,405854,131800,46749,1,11,0,0
2023-11-08,604920,415617,141051,48252,2,11,0,0
2023-11-09,609954,424236,135145,50573,3,11,0,0
2023-11-10,713191,504698,152403,56090,4,11,0,0
2023-11-11,893071,598757,232263,62051,5,11,1,0
2023-11-12,915315,659197,192419,63699,6,11,1,0
2023-11-13,642230,450777,134268,57185,0,11,0,0
2023-11-14,608815,416697,137790,54328,1,11,0,0
2023-11-15,623168,421671,149908,51589,2,11,0,0
2023-11-16,643508,435505,148028,59975,3,11,0,0
2023-11-17,740537,520831,157194,62512,4,11,0,0
2023-11-18,940039,637259,237182,65598,5,11,1,0
2023-11-19,938532,671083,204564,62885,6,11,1,0
2023-11-20,663165,461309,144669,57187,0,11,0,0
2023-11-21,620869,426222,144103,50544,1,11,0,0
2023-11-22,628723,425355,151159,52209,2,11,0,0
2023-11-23,642660,437151,147652,57857,3,11,0,0
2023-11-24,748142,520691,163462,63989,4,11,0,0
2023-11-25,958919,643870,250049,65000,5,11,1,0
2023-11-26,946210,672981,205133,68096,6,11,1,0
2023-11-27,657186,463520,136537,57129,0,11,0,0
2023-11-28,613554,430114,133083,50357,1,11,0,0
2023-11-29,610962,424219,136097,50646,2,11,0,0
2023-11-30,638639,443551,140063,55025,3,11,0,0
2023-12-01,729678,520093,152249,57336,4,12,0,0
2023-12-02,919182,621508,237431,60243,5,12,1,0
2023-12-03,908163,644067,201595,62501,6,12,1,0
2023-12-04,645549,457115,134878,53556,0,12,0,0
2023-12-05,602346,417028,133019,52299,1,12,0,0
2023-12-06,612258,416079,145561,50618,2,12,0,0
2023-12-07,634611,430950,147723,55938,3,12,0,0
2023-12-08,750726,509107,164981,76638,4,12,0,0
2023-12-09,949542,615581,268269,65692,5,12,1,0
2023-12-10,957863,663832,224619,69412,6,12,1,0
2023-12-11,772703,566153,150794,55756,0,12,0,0
2023-12-12,624945,428967,145736,50242,1,12,0,0
2023-12-13,622408,422315,151006,49087,2,12,0,0
2023-12-14,648801,442598,154736,51467,3,12,0,0
2023-12-15,752369,523515,173033,55821,4,12,0,0
2023-12-16,949743,594077,293004,62662,5,12,1,0
2023-12-17,891465,595509,232582,63374,6,12,1,0
2023-12-18,681851,465317,160180,56354,0,12,0,0
2023-12-19,660117,451882,152589,55646,1,12,0,0
2023-12-20,707826,474642,161741,71443,2,12,0,0
2023-12-21,722491,509152,156224,57115,3,12,0,0
2023-12-22,739994,529985,150380,59629,4,12,0,0
2023-12-23,1069947,701310,300589,68048,5,12,1,0
2023-12-24,1047194,714022,266329,66843,6,12,1,0
2023-12-25,1018637,789518,162923,66196,0,12,0,1
2023-12-26,946136,746775,132120,67241,1,12,0,0
2023-12-27,784483,574954,142000,67529,2,12,0,0
2023-12-28,751677,541027,140858,69792,3,12,0,0
2023-12-29,795527,560485,159838,75204,4,12,0,0
2023-12-30,983188,627028,274397,81763,5,12,1,0
2023-12-31,1033036,642794,328440,61802,6,12,1,0
2024-01-01,900193,560234,271964,67995,0,1,0,1
2024-01-02,653191,461054,128203,63934,1,1,0,0
2024-01-03,625911,428849,131547,65515,2,1,0,0
2024-01-04,602345,418672,128758,54915,3,1,0,0
2024-01-05,677181,481515,140378,55288,4,1,0,0
2024-01-06,835383,577855,196775,60753,5,1,1,0
2024-01-07,843550,592741,188985,61824,6,1,1,0
2024-01-08,648819,449664,146360,52795,0,1,0,0
2024-01-09,611320,420174,143822,47324,1,1,0,0
2024-01-10,616751,420811,146339,49601,2,1,0,0
2024-01-11,628779,427090,150503,51186,3,1,0,0
2024-01-12,724569,507549,160618,56402,4,1,0,0
2024-01-13,932694,627256,246376,59062,5,1,1,0
2024-01-14,960558,683393,215782,61383,6,1,1,0
2024-01-15,685921,471427,162020,52474,0,1,0,0
2024-01-16,642973,431468,160636,50869,1,1,0,0
2024-01-17,650871,433768,165653,51450,2,1,0,0
2024-01-18,669371,443195,173803,52373,3,1,0,0
2024-01-19,769655,529448,180683,59524,4,1,0,0
2024-01-20,998131,663296,270651,64184,5,1,1,0
2024-01-21,1008467,679760,263569,65138,6,1,1,0
2024-01-22,716917,460792,200776,55349,0,1,0,0
2024-01-23,586923,365967,171814,49142,1,1,0,0
2024-01-24,611726,379670,182056,50000,2,1,0,0
2024-01-25,659813,408286,197451,54076,3,1,0,0
2024-01-26,782546,501117,221569,59860,4,1,0,0
2024-01-27,988750,620949,300291,67510,5,1,1,0
2024-01-28,999005,639154,294966,64885,6,1,1,0
2024-01-29,733613,452850,228551,52212,0,1,0,0
2024-01-30,682200,421432,213516,47252,1,1,0,0
2024-01-31,696666,427646,222603,46417,2,1,0,0
2024-02-01,711128,427186,236029,47913,3,2,0,0
2024-02-02,780421,486073,244079,50269,4,2,0,0
2024-02-03,943549,579200,304790,59559,5,2,1,0
2024-02-04,875466,560457,258934,56075,6,2,1,0
2024-02-05,754734,430725,279662,44347,0,2,0,0
2024-02-06,771282,454484,276543,40255,1,2,0,0
2024-02-07,780088,491344,247071,41673,2,2,0,0
2024-02-08,732271,486647,201948,43676,3,2,0,0
2024-02-09,605437,443283,122684,39470,4,2,0,0
2024-02-10,689147,462497,184014,42636,5,2,1,1
2024-02-11,986779,603125,336177,47477,6,2,1,0
2024-02-12,1144032,736503,358025,49504,0,2,0,1
2024-02-13,1102171,696921,357442,47808,1,2,0,1
2024-02-14,1031332,623031,361896,46405,2,2,0,0
2024-02-15,936285,540348,349635,46302,3,2,0,0
2024-02-16,925234,557158,320995,47081,4,2,0,0
2024-02-17,946587,648358,250663,47566,5,2,1,0
2024-02-18,875750,640700,189605,45445,6,2,1,0
2024-02-19,672069,459613,172942,39514,0,2,0,0
2024-02-20,619670,412245,161125,46300,1,2,0,0
2024-02-21,606600,401844,159509,45247,2,2,0,0
2024-02-22,612449,409118,150678,52653,3,2,0,0
2024-02-23,695842,478323,156048,61471,4,2,0,0
2024-02-24,904879,642523,196203,66153,5,2,1,0
2024-02-25,881250,633706,171018,76526,6,2,1,0
2024-02-26,642413,453841,121394,67178,0,2,0,0
2024-02-27,607557,424105,123524,59928,1,2,0,0
2024-02-28,607575,415265,127975,64335,2,2,0,0
2024-02-29,608827,424450,125527,58850,3,2,0,0
2024-03-01,679194,481164,135438,62592,4,3,0,0
2024-03-02,842530,590638,182017,69875,5,3,1,0
2024-03-03,859321,629874,161057,68390,6,3,1,0
2024-03-04,626250,439805,123115,63330,0,3,0,0
2024-03-05,592872,418408,117568,56896,1,3,0,0
2024-03-06,587179,414883,117905,54391,2,3,0,0
2024-03-07,610497,433563,120113,56821,3,3,0,0
2024-03-08,754064,534935,156040,63089,4,3,0,0
2024-03-09,923184,651559,206008,65617,5,3,1,0
2024-03-10,902061,658491,167044,76526,6,3,1,0
2024-03-11,600817,426930,115110,58777,0,3,0,0
2024-03-12,629959,445052,134160,50747,1,3,0,0
2024-03-13,627261,435390,135741,56130,2,3,0,0
2024-03-14,638868,449059,133436,56373,3,3,0,0
2024-03-15,754139,534277,152253,67609,4,3,0,0
2024-03-16,978158,666516,246286,65356,5,3,1,0
2024-03-17,991886,716508,205551,69827,6,3,1,0
2024-03-18,681522,472774,149494,59254,0,3,0,0
2024-03-19,622382,433401,137285,51696,1,3,0,0
2024-03-20,651055,445926,148163,56966,2,3,0,0
2024-03-21,663664,461352,147857,54455,3,3,0,0
2024-03-22,780068,547738,171255,61075,4,3,0,0
2024-03-23,1007848,686100,260447,61301,5,3,1,0
2024-03-24,978237,689858,223824,64555,6,3,1,0
2024-03-25,720290,506744,156983,56563,0,3,0,0
2024-03-26,718523,514399,150455,53669,1,3,0,0
2024-03-27,774530,567991,150866,55673,2,3,0,0
2024-03-28,971676,756523,154367,60786,3,3,0,0
2024-03-29,1165828,969974,135670,60184,4,3,0,0
2024-03-30,1076058,811679,201995,62384,5,3,1,0
2024-03-31,1093816,873898,157690,62228,6,3,1,0
2024-04-01,924858,774042,101097,49719,0,4,0,0
2024-04-02,755726,594306,113093,48327,1,4,0,0
2024-04-03,799928,625688,122632,51608,2,4,0,0
2024-04-04,1014813,697441,263257,54115,3,4,0,1
2024-04-05,938065,589728,293147,55190,4,4,0,0
2024-04-06,870551,646802,167342,56407,5,4,1,0
2024-04-07,886238,710002,116579,59657,6,4,1,0
2024-04-08,695300,508512,126969,59819,0,4,0,0
2024-04-09,643272,452988,134447,55837,1,4,0,0
2024-04-10,678829,456283,154143,68403,2,4,0,0
2024-04-11,683447,455113,164663,63671,3,4,0,0
2024-04-12,809467,550566,189064,69837,4,4,0,0
2024-04-13,1047110,708491,265643,72976,5,4,1,0
2024-04-14,1017467,723280,215690,78497,6,4,1,0
2024-04-15,713653,491043,153957,68653,0,4,0,0
2024-04-16,661731,450681,152627,58423,1,4,0,0
2024-04-17,659320,449218,151274,58828,2,4,0,0
2024-04-18,655066,449114,147246,58706,3,4,0,0
2024-04-19,771239,537172,161959,72108,4,4,0,0
2024-04-20,967580,682521,217071,67988,5,4,1,0
2024-04-21,848779,619600,160685,68494,6,4,1,0
2024-04-22,643260,447675,131672,63913,0,4,0,0
2024-04-23,541981,371441,117610,52930,1,4,0,0
2024-04-24,624050,430927,133426,59697,2,4,0,0
2024-04-25,604664,425540,123034,56090,3,4,0,0
2024-04-26,691265,488652,140402,62211,4,4,0,0
2024-04-27,904988,668207,169955,66826,5,4,1,0
2024-04-28,896895,684545,147128,65222,6,4,1,0
2024-04-29,708707,492566,162023,54118,0,4,0,0
2024-04-30,756602,501609,201234,53759,1,4,0,0
2024-05-01,807964,454157,301189,52618,2,5,0,1
2024-05-02,784649,370830,365661,48158,3,5,0,0
2024-05-03,885502,432135,397936,55431,4,5,0,0
2024-05-04,813593,475484,283280,54829,5,5,1,0
2024-05-05,897935,608454,226392,63089,6,5,1,0
2024-05-06,675216,468410,152868,53938,0,5,0,0
2024-05-07,624723,444269,139008,41446,1,5,0,0
2024-05-08,615450,444755,127786,42909,2,5,0,0
2024-05-09,645717,463522,137957,44238,3,5,0,0
2024-05-10,733352,547491,136474,49387,4,5,0,0
2024-05-11,910089,725995,132530,51564,5,5,1,0
2024-05-12,977742,768396,155825,53521,6,5,1,0
2024-05-13,653939,482977,125062,45900,0,5,0,0
2024-05-14,723458,552053,128217,43188,1,5,0,0
2024-05-15,1001852,834462,118596,48794,2,5,0,1
2024-05-16,671597,485814,141546,44237,3,5,0,0
2024-05-17,759182,550846,157029,51307,4,5,0,0
2024-05-18,984994,697236,233251,54507,5,5,1,0
2024-05-19,927716,700144,175000,52572,6,5,1,0
2024-05-20,641635,475121,121201,45313,0,5,0,0
2024-05-21,572531,414378,114907,43246,1,5,0,0
2024-05-22,600702,431822,122505,46375,2,5,0,0
2024-05-23,615536,447690,121408,46438,3,5,0,0
2024-05-24,710063,508936,149159,51968,4,5,0,0
2024-05-25,929368,665784,205895,57689,5,5,1,0
2024-05-26,946679,693040,194580,59059,6,5,1,0
2024-05-27,664646,483125,130598,50923,0,5,0,0
2024-05-28,611075,447261,118767,45047,1,5,0,0
2024-05-29,626802,458182,122867,45753,2,5,0,0
2024-05-30,632408,462605,122242,47561,3,5,0,0
2024-05-31,671819,492964,127852,51003,4,5,0,0
2024-06-01,790681,572752,163970,53959,5,6,1,0
2024-06-02,858054,643432,160587,54035,6,6,1,0
2024-06-03,609436,447618,113404,48414,0,6,0,0
2024-06-04,583128,433428,108912,40788,1,6,0,0
2024-06-05,607544,447243,114597,45704,2,6,0,0
2024-06-06,642627,465934,127434,49259,3,6,0,0
2024-06-07,809312,603334,152006,53972,4,6,0,0
2024-06-08,1096965,791044,245213,60708,5,6,1,0
2024-06-09,1095209,793416,243346,58447,6,6,1,0
2024-06-10,1045302,798765,191721,54816,0,6,0,1
2024-06-11,703989,532643,125304,46042,1,6,0,0
2024-06-12,645124,472672,125597,46855,2,6,0,0
2024-06-13,644103,467784,129750,46569,3,6,0,0
2024-06-14,696602,504044,138603,53955,4,6,0,0
2024-06-15,861253,623064,181097,57092,5,6,1,0
2024-06-16,909686,690291,161898,57497,6,6,1,0
2024-06-17,693749,500641,137838,55270,0,6,0,0
2024-06-18,655501,475776,129338,50387,1,6,0,0
2024-06-19,659842,476876,131056,51910,2,6,0,0
2024-06-20,659731,474988,135181,49562,3,6,0,0
2024-06-21,769210,562759,151140,55311,4,6,0,0
2024-06-22,1005013,731688,213988,59337,5,6,1,0
2024-06-23,998834,750018,188204,60612,6,6,1,0
2024-06-24,703505,508717,139668,55120,0,6,0,0
2024-06-25,656113,473138,133949,49026,1,6,0,0
2024-06-26,667363,477386,139543,50434,2,6,0,0
2024-06-27,691230,498264,142877,50089,3,6,0,0
2024-06-28,825257,619755,152201,53301,4,6,0,0
2024-06-29,1096506,829828,209200,57478,5,6,1,0
2024-06-30,1140763,897805,185307,57651,6,6,1,0
2024-07-01,1058316,869348,142818,46150,0,7,0,1
2024-07-02,700129,509753,145495,44881,1,7,0,0
2024-07-03,666978,476453,143809,46716,2,7,0,0
2024-07-04,663541,468348,146966,48227,3,7,0,0
2024-07-05,758215,542793,162444,52978,4,7,0,0
2024-07-06,954045,661052,237839,55154,5,7,1,0
2024-07-07,982713,709513,215302,57898,6,7,1,0
2024-07-08,733481,508756,174847,49878,0,7,0,0
2024-07-09,690839,471657,172780,46402,1,7,0,0
2024-07-10,701382,474558,180123,46701,2,7,0,0
2024-07-11,714622,483739,182881,48002,3,7,0,0
2024-07-12,801310,561153,189743,50414,4,7,0,0
2024-07-13,1057481,732192,270339,54950,5,7,1,0
2024-07-14,1049631,735588,258076,55967,6,7,1,0
2024-07-15,787123,535362,200237,51524,0,7,0,0
2024-07-16,729565,492572,192971,44022,1,7,0,0
2024-07-17,739142,499085,194807,45250,2,7,0,0
2024-07-18,741819,501578,194422,45819,3,7,0,0
2024-07-19,820018,560976,208000,51042,4,7,0,0
2024-07-20,1065613,724253,285125,56235,5,7,1,0
2024-07-21,1069717,752395,260519,56803,6,7,1,0
2024-07-22,789598,536251,200668,52679,0,7,0,0
2024-07-23,746539,500980,198296,47263,1,7,0,0
2024-07-24,759021,505751,204984,48286,2,7,0,0
2024-07-25,753641,504889,200104,48648,3,7,0,0
2024-07-26,817276,554392,208039,54845,4,7,0,0
2024-07-27,997180,685186,253958,58036,5,7,1,0
2024-07-28,999971,709862,232040,58069,6,7,1,0
2024-07-29,794716,540818,199008,54890,0,7,0,0
2024-07-30,731642,493852,189381,48409,1,7,0,0
2024-07-31,721982,489866,185413,46703,2,7,0,0
2024-08-01,762787,510947,204015,47825,3,8,0,0
2024-08-02,850193,573573,225489,51131,4,8,0,0
2024-08-03,1133759,750524,327906,55329,5,8,1,0
2024-08-04,1152247,785497,311519,55231,6,8,1,0
2024-08-05,836786,550773,238415,47598,0,8,0,0
2024-08-06,758195,491838,221636,44721,1,8,0,0
2024-08-07,777217,508199,223326,45692,2,8,0,0
2024-08-08,792624,517145,227640,47839,3,8,0,0
2024-08-09,869210,585696,231953,51561,4,8,0,0
2024-08-10,1141375,759692,325705,55978,5,8,1,0
2024-08-11,1158168,802461,297864,57843,6,8,1,0
2024-08-12,843663,563167,227260,53236,0,8,0,0
2024-08-13,790283,516071,224680,49532,1,8,0,0
2024-08-14,772052,506882,215362,49808,2,8,0,0
2024-08-15,761334,498469,210371,52494,3,8,0,0
2024-08-16,846176,573208,218157,54811,4,8,0,0
2024-08-17,985926,672169,257136,56621,5,8,1,0
2024-08-18,1076333,761624,256568,58141,6,8,1,0
2024-08-19,804903,549956,203922,51025,0,8,0,0
2024-08-20,758160,504635,207607,45918,1,8,0,0
2024-08-21,746380,503128,197097,46155,2,8,0,0
2024-08-22,804695,530050,222090,52555,3,8,0,0
2024-08-23,915148,608736,252187,54225,4,8,0,0
2024-08-24,1183440,796577,329211,57652,5,8,1,0
2024-08-25,1212846,849941,303573,59332,6,8,1,0
2024-08-26,876674,599780,223804,53090,0,8,0,0
2024-08-27,793520,540474,207500,45546,1,8,0,0
2024-08-28,783470,540970,197558,44942,2,8,0,0
2024-08-29,768297,544460,178782,45055,3,8,0,0
2024-08-30,842547,617955,176318,48274,4,8,0,0
2024-08-31,1038450,779247,208361,50842,5,8,1,0
2024-09-01,969784,748269,169556,51959,6,9,1,0
2024-09-02,655289,487923,122784,44582,0,9,0,0
2024-09-03,623481,456583,121155,45743,1,9,0,0
2024-09-04,619928,453067,125582,41279,2,9,0,0
2024-09-05,506448,352947,114068,39433,3,9,0,0
2024-09-06,437181,318095,78465,40621,4,9,0,0
2024-09-07,866744,664491,149038,53215,5,9,1,0
2024-09-08,938647,718272,167233,53142,6,9,1,0
2024-09-09,694597,520028,130824,43745,0,9,0,0
2024-09-10,663338,487661,132531,43146,1,9,0,0
2024-09-11,666015,487541,130860,47614,2,9,0,0
2024-09-12,672859,497679,129069,46111,3,9,0,0
2024-09-13,791085,593742,140911,56432,4,9,0,0
2024-09-14,943460,729032,147242,67186,5,9,1,0
2024-09-15,1050022,730679,252365,66978,6,9,1,0
2024-09-16,837389,489249,286225,61915,0,9,0,0
2024-09-17,704363,474650,171537,58176,1,9,0,0
2024-09-18,866558,701362,111343,53853,2,9,0,1
2024-09-19,687460,507101,131783,48576,3,9,0,0
2024-09-20,743792,551889,139598,52305,4,9,0,0
2024-09-21,898133,653936,185602,58595,5,9,1,0
2024-09-22,935970,696728,176795,62447,6,9,1,0
2024-09-23,702908,514593,135026,53289,0,9,0,0
2024-09-24,636117,460558,127608,47951,1,9,0,0
2024-09-25,663473,483434,134351,45688,2,9,0,0
2024-09-26,696744,508282,141299,47163,3,9,0,0
2024-09-27,801279,600182,150153,50944,4,9,0,0
2024-09-28,994382,737011,200017,57354,5,9,1,0
2024-09-29,960456,755428,150228,54800,6,9,1,0
2024-09-30,814496,566447,202720,45329,0,9,0,0
2024-10-01,931175,521324,365780,44071,1,10,0,1
2024-10-02,876185,415245,416341,44599,2,10,0,0
2024-10-03,860700,419430,396624,44646,3,10,0,0
2024-10-04,937930,502987,386631,48312,4,10,0,0
2024-10-05,1055924,647532,356365,52027,5,10,1,0
2024-10-06,1019888,661738,304169,53981,6,10,1,0
2024-10-07,784112,492480,247748,43884,0,10,0,0
2024-10-08,696622,502167,151510,42945,1,10,0,0
2024-10-09,699191,515377,133909,49905,2,10,0,0
2024-10-10,923094,727245,140102,55747,3,10,0,0
2024-10-11,1167595,989561,113654,64380,4,10,0,1
2024-10-12,956627,737572,148620,70435,5,10,1,0
2024-10-13,1039128,793675,176628,68825,6,10,1,0
2024-10-14,788387,564176,154777,69434,0,10,0,0
2024-10-15,710135,511136,139347,59652,1,10,0,0
2024-10-16,709077,499860,151988,57229,2,10,0,0
2024-10-17,706642,507009,140032,59601,3,10,0,0
2024-10-18,826714,600881,159710,66123,4,10,0,0
2024-10-19,1076945,755420,247094,74431,5,10,1,0
2024-10-20,1047989,763981,207686,76322,6,10,1,0
2024-10-21,759679,545470,149852,64357,0,10,0,0
2024-10-22,695806,499558,137080,59168,1,10,0,0
2024-10-23,718808,505992,144449,68367,2,10,0,0
2024-10-24,732953,520646,150528,61779,3,10,0,0
2024-10-25,834750,606129,156133,72488,4,10,0,0
2024-10-26,1035755,725761,235270,74724,5,10,1,0
2024-10-27,1010529,741302,195118,74109,6,10,1,0
2024-10-28,762656,543814,154461,64381,0,10,0,0
2024-10-29,716197,506239,150998,58960,1,10,0,0
2024-10-30,720047,506343,147508,66196,2,10,0,0
2024-10-31,710732,509743,137347,63642,3,10,0,0
2024-11-01,829719,612333,146560,70826,4,11,0,0
2024-11-02,1064808,761442,227028,76338,5,11,1,0
2024-11-03,1023162,768887,177664,76611,6,11,1,0
2024-11-04,750452,546712,131308,72432,0,11,0,0
2024-11-05,692075,504086,128203,59786,1,11,0,0
2024-11-06,707269,500944,147288,59037,2,11,0,0
2024-11-07,722059,524985,137512,59562,3,11,0,0
2024-11-08,848015,625526,152722,69767,4,11,0,0
2024-11-09,1060741,759122,232435,69184,5,11,1,0
2024-11-10,1060273,783459,200737,76077,6,11,1,0
2024-11-11,773827,560904,144633,68290,0,11,0,0
2024-11-12,724034,519770,144375,59889,1,11,0,0
2024-11-13,697107,493778,142738,60591,2,11,0,0
2024-11-14,571132,387904,126328,56900,3,11,0,0
2024-11-15,827948,592377,157763,77808,4,11,0,0
2024-11-16,1091143,759154,256295,75694,5,11,1,0
2024-11-17,1056955,770104,211965,74886,6,11,1,0
2024-11-18,796955,566129,163496,67330,0,11,0,0
2024-11-19,663764,472340,135595,55829,1,11,0,0
2024-11-20,639676,453699,129011,56966,2,11,0,0
2024-11-21,703385,505762,134895,62728,3,11,0,0
2024-11-22,867469,627971,169634,69864,4,11,0,0
2024-11-23,1099046,769850,256311,72885,5,11,1,0
2024-11-24,1060912,774234,210364,76314,6,11,1,0
2024-11-25,784949,570666,148512,65771,0,11,0,0
2024-11-26,725158,521924,143368,59866,1,11,0,0
2024-11-27,728922,519747,148293,60882,2,11,0,0
2024-11-28,752384,537668,153114,61602,3,11,0,0
2024-11-29,876286,638129,169473,68684,4,11,0,0
2024-11-30,1128024,788787,266430,72807,5,11,1,0
2024-12-01,1099077,790976,233397,74704,6,12,1,0
2024-12-02,770137,550649,155206,64282,0,12,0,0
2024-12-03,709163,510239,140995,57929,1,12,0,0
2024-12-04,719135,508977,149662,60496,2,12,0,0
2024-12-05,745133,524962,154571,65600,3,12,0,0
2024-12-06,873137,624539,178666,69932,4,12,0,0
2024-12-07,1123511,764415,281797,77299,5,12,1,0
2024-12-08,1100806,772628,247540,80638,6,12,1,0
2024-12-09,809205,567420,158877,82908,0,12,0,0
2024-12-10,743436,523108,156281,64047,1,12,0,0
2024-12-11,754997,528327,161243,65427,2,12,0,0
2024-12-12,764268,539873,160469,63926,3,12,0,0
2024-12-13,874500,623112,185672,65716,4,12,0,0
2024-12-14,1127884,745252,310490,72142,5,12,1,0
2024-12-15,1087729,746106,260774,80849,6,12,1,0
2024-12-16,813603,573617,174213,65773,0,12,0,0
2024-12-17,767664,537609,170725,59330,1,12,0,0
2024-12-18,805251,549891,195071,60289,2,12,0,0
2024-12-19,829558,578742,183398,67418,3,12,0,0
2024-12-20,967288,686290,196186,84812,4,12,0,0
2024-12-21,1121603,728486,321933,71184,5,12,1,0
2024-12-22,1139712,766177,295501,78034,6,12,1,0
2024-12-23,946755,669594,197010,80151,0,12,0,0
2024-12-24,992574,735901,185435,71238,1,12,0,0
2024-12-25,1162136,916919,166881,78336,2,12,0,1
2024-12-26,1120214,890646,146152,83416,3,12,0,1
2024-12-27,966538,709446,171784,85308,4,12,0,0
2024-12-28,1095474,753776,250697,91001,5,12,1,0
2024-12-29,1093135,793629,207796,91710,6,12,1,0
2024-12-30,941659,675656,175858,90145,0,12,0,0
2024-12-31,878837,618848,191044,68945,1,12,0,0
2025-01-01,949004,614247,257942,76815,2,1,0,1
2025-01-02,770503,535891,147355,87257,3,1,0,0
2025-01-03,811407,571650,158443,81314,4,1,0,0
2025-01-04,996622,691197,229372,76053,5,1,1,0
2025-01-05,973674,687757,210267,75650,6,1,1,0
2025-01-06,786888,545123,175613,66152,0,1,0,0
2025-01-07,744997,515290,166437,63270,1,1,0,0
2025-01-08,738309,508022,170022,60265,2,1,0,0
2025-01-09,760234,517288,178208,64738,3,1,0,0
2025-01-10,860432,597446,193769,69217,4,1,0,0
2025-01-11,1082888,732433,273206,77249,5,1,1,0
2025-01-12,1081150,743737,257879,79534,6,1,1,0
2025-01-13,824041,555486,200091,68464,0,1,0,0
2025-01-14,764402,508962,195145,60295,1,1,0,0
2025-01-15,791023,524150,203095,63778,2,1,0,0
2025-01-16,833109,537654,231482,63973,3,1,0,0
2025-01-17,912895,611939,232559,68397,4,1,0,0
2025-01-18,1165786,764341,326044,75401,5,1,1,0
2025-01-19,1166609,769971,318423,78215,6,1,1,0
2025-01-20,888721,559030,267544,62147,0,1,0,0
2025-01-21,831017,511098,262062,57857,1,1,0,0
2025-01-22,833987,509103,263798,61086,2,1,0,0
2025-01-23,861417,531266,272317,57834,3,1,0,0
2025-01-24,979166,632806,287453,58907,4,1,0,0
2025-01-25,1117094,730417,315622,71055,5,1,1,0
2025-01-26,987279,639689,278560,69030,6,1,1,0
2025-01-27,841355,515538,260726,65091,0,1,0,0
2025-01-28,658138,461917,142528,53693,1,1,0,0
2025-01-29,773342,514809,206153,52380,2,1,0,1
2025-01-30,1068786,662294,350239,56253,3,1,0,1
2025-01-31,1221954,791659,369042,61253,4,1,0,1
2025-02-01,1213209,798585,354636,59988,5,2,1,0
2025-02-02,1138271,741079,339929,57263,6,2,1,0
2025-02-03,1000985,626588,323882,50515,0,2,0,0
2025-02-04,900542,571360,285241,43941,1,2,0,0
2025-02-05,823350,552703,226209,44438,2,2,0,0
2025-02-06,765081,500848,219268,44965,3,2,0,0
2025-02-07,825777,546261,227172,52344,4,2,0,0
2025-02-08,955539,671476,221929,62134,5,2,1,0
2025-02-09,982304,673357,247412,61535,6,2,1,0
2025-02-10,772899,512624,203724,56551,0,2,0,0
2025-02-11,711686,484720,171991,54975,1,2,0,0
2025-02-12,631750,443958,129909,57883,2,2,0,0
2025-02-13,710042,507643,143047,59352,3,2,0,0
2025-02-14,850571,626890,156797,66884,4,2,0,0
2025-02-15,1075429,771960,229372,74097,5,2,1,0
2025-02-16,1060840,776438,199960,84442,6,2,1,0
2025-02-17,774347,552157,154598,67592,0,2,0,0
2025-02-18,727115,508396,150421,68298,1,2,0,0
2025-02-19,717752,501032,152967,63753,2,2,0,0
2025-02-20,742412,519753,157453,65206,3,2,0,0
2025-02-21,857809,607314,171423,79072,4,2,0,0
2025-02-22,1099310,770507,246138,82665,5,2,1,0
2025-02-23,1039159,761259,195667,82233,6,2,1,0
2025-02-24,774200,552583,148349,73268,0,2,0,0
2025-02-25,701862,502775,136641,62446,1,2,0,0
2025-02-26,691992,494976,133644,63372,2,2,0,0
2025-02-27,728760,519023,140657,69080,3,2,0,0
2025-02-28,853692,617891,155931,79870,4,2,0,0
2025-03-01,1090476,768232,245042,77202,5,3,1,0
2025-03-02,1046792,757391,209486,79915,6,3,1,0
2025-03-03,759831,541637,148678,69516,0,3,0,0
2025-03-04,669861,485926,129001,54934,1,3,0,0
2025-03-05,670243,481318,132264,56661,2,3,0,0
2025-03-06,670623,484579,128513,57531,3,3,0,0
2025-03-07,816173,603221,143984,68968,4,3,0,0
2025-03-08,1095437,792625,229491,73321,5,3,1,0
2025-03-09,1085253,806686,199525,79042,6,3,1,0
2025-03-10,795857,573448,155235,67174,0,3,0,0
2025-03-11,736063,527119,151553,57391,1,3,0,0
2025-03-12,723858,514453,153732,55673,2,3,0,0
2025-03-13,749316,537498,151836,59982,3,3,0,0
2025-03-14,880670,645862,165484,69324,4,3,0,0
2025-03-15,1047378,764636,206588,76154,5,3,1,0
2025-03-16,1109733,827290,206009,76434,6,3,1,0
2025-03-17,791589,566263,159860,65466,0,3,0,0
2025-03-18,730055,516432,151972,61651,1,3,0,0
2025-03-19,746783,519368,159713,67702,2,3,0,0
2025-03-20,771919,538110,160747,73062,3,3,0,0
2025-03-21,898128,644224,180423,73481,4,3,0,0
2025-03-22,1156680,798492,282419,75769,5,3,1,0
2025-03-23,1116684,800114,237609,78961,6,3,1,0
2025-03-24,810512,572590,169707,68215,0,3,0,0
2025-03-25,754203,529010,161424,63769,1,3,0,0
2025-03-26,752260,523447,161075,67738,2,3,0,0
2025-03-27,779209,546325,162014,70870,3,3,0,0
2025-03-28,887799,638412,173932,75455,4,3,0,0
2025-03-29,1091191,780621,232318,78252,5,3,1,0
2025-03-30,1054100,779968,196562,77570,6,3,1,0
2025-03-31,757463,536443,149755,71265,0,3,0,0
2025-04-01,712907,513814,135457,63636,1,4,0,0
2025-04-02,744978,546611,133090,65277,2,4,0,0
2025-04-03,993389,767835,156146,69408,3,4,0,0
2025-04-04,1273754,870281,324016,79457,4,4,0,1
2025-04-05,1050024,705896,266330,77798,5,4,1,0
2025-04-06,1072072,781291,211920,78861,6,4,1,0
2025-04-07,816480,596841,153346,66293,0,4,0,0
2025-04-08,769667,542791,169339,57537,1,4,0,0
2025-04-09,768487,529992,174259,64236,2,4,0,0
2025-04-10,783780,547866,171700,64214,3,4,0,0
2025-04-11,898207,643109,188663,66435,4,4,0,0
2025-04-12,941408,674222,193906,73280,5,4,1,0
2025-04-13,1087132,776941,230516,79675,6,4,1,0
2025-04-14,858935,604802,178571,75562,0,4,0,0
2025-04-15,833624,599051,168153,66420,1,4,0,0
2025-04-16,887684,658737,166039,62908,2,4,0,0
2025-04-17,1107894,879996,164250,63648,3,4,0,0
2025-04-18,1249967,1022762,143627,83578,4,4,0,0
2025-04-19,1244264,930675,236183,77406,5,4,1,0
2025-04-20,1276617,997502,200610,78505,6,4,1,0
2025-04-21,1118790,917219,134078,67493,0,4,0,0
2025-04-22,947403,728134,158549,60720,1,4,0,0
2025-04-23,851601,626377,160816,64408,2,4,0,0
2025-04-24,827459,596012,166862,64585,3,4,0,0
2025-04-25,853814,619432,167921,66461,4,4,0,0
2025-04-26,1073492,763339,233482,76671,5,4,1,0
2025-04-27,1027729,747591,206426,73712,6,4,1,0
2025-04-28,794151,549910,179031,65210,0,4,0,0
2025-04-29,802719,553150,188128,61441,1,4,0,0
2025-04-30,909120,626197,220063,62860,2,4,0,0
2025-05-01,1029983,578584,380327,71072,3,5,0,1
2025-05-02,1130515,543974,519095,67446,4,5,0,0
2025-05-03,1206355,708515,417726,80114,5,5,1,0
2025-05-04,1238987,813218,345831,79938,6,5,1,0
2025-05-05,1028064,747212,214729,66123,0,5,0,1
2025-05-06,743672,535519,147529,60624,1,5,0,0
2025-05-07,668413,488238,128144,52031,2,5,0,0
2025-05-08,715959,526942,134830,54187,3,5,0,0
2025-05-09,810264,592868,157462,59934,4,5,0,0
2025-05-10,1011076,736366,211406,63304,5,5,1,0
2025-05-11,1034861,776202,196130,62529,6,5,1,0
2025-05-12,796373,566878,164705,64790,0,5,0,0
2025-05-13,748262,532350,161557,54355,1,5,0,0
2025-05-14,738054,523545,157191,57318,2,5,0,0
2025-05-15,741187,540327,143747,57113,3,5,0,0
2025-05-16,844144,628652,153708,61784,4,5,0,0
2025-05-17,1081809,791991,227032,62786,5,5,1,0
2025-05-18,1053668,790559,197115,65994,6,5,1,0
2025-05-19,777630,566638,150405,60587,0,5,0,0
2025-05-20,720439,526951,141178,52310,1,5,0,0
2025-05-21,709237,516673,140633,51931,2,5,0,0
2025-05-22,724701,524543,145015,55143,3,5,0,0
2025-05-23,831665,607387,163694,60584,4,5,0,0
2025-05-24,1042654,747899,230218,64537,5,5,1,0
2025-05-25,1042256,748119,228704,65433,6,5,1,0
2025-05-26,787218,568718,162733,55767,0,5,0,0
2025-05-27,720258,524001,146107,50150,1,5,0,0
2025-05-28,701331,512228,135967,53136,2,5,0,0
2025-05-29,699331,509655,131235,58441,3,5,0,0
2025-05-30,922389,691982,164960,65447,4,5,0,0
2025-05-31,1073811,756468,250479,66864,5,5,1,1
2025-06-01,1105601,772918,263303,69380,6,6,1,0
2025-06-02,808266,529873,214225,64168,0,6,0,0
2025-06-03,702435,514569,133760,54106,1,6,0,0
2025-06-04,661236,483124,127701,50411,2,6,0,0
2025-06-05,699348,508125,137488,53735,3,6,0,0
2025-06-06,845071,622073,162374,60624,4,6,0,0
2025-06-07,1061628,773497,224479,63652,5,6,1,0
2025-06-08,1033171,777460,190098,65613,6,6,1,0
2025-06-09,758031,556162,144772,57097,0,6,0,0
2025-06-10,711283,521962,138239,51082,1,6,0,0
2025-06-11,692600,504010,137122,51468,2,6,0,0
2025-06-12,680624,489162,138639,52823,3,6,0,0
2025-06-13,770201,568474,145662,56065,4,6,0,0
2025-06-14,924730,693890,170287,60553,5,6,1,0
2025-06-15,993829,784164,147763,61902,6,6,1,0
2025-06-16,773562,575472,143055,55035,0,6,0,0
2025-06-17,671861,491001,130006,50854,1,6,0,0
2025-06-18,743362,540622,148066,54674,2,6,0,0
2025-06-19,765976,548955,161683,55338,3,6,0,0
2025-06-20,888156,654875,171890,61391,4,6,0,0
2025-06-21,1152425,850061,237685,64679,5,6,1,0
2025-06-22,1154225,879654,206651,67920,6,6,1,0
2025-06-23,809937,589059,162471,58407,0,6,0,0
2025-06-24,754892,541675,159771,53446,1,6,0,0
2025-06-25,765144,546114,163658,55372,2,6,0,0
2025-06-26,770559,546962,167124,56473,3,6,0,0
2025-06-27,930685,669076,197886,63723,4,6,0,0
2025-06-28,1167122,841392,261813,63917,5,6,1,0
2025-06-29,1178873,866680,243662,68531,6,6,1,0
2025-06-30,924468,677473,188719,58276,0,6,0,0
2025-07-01,981041,779285,154591,47165,1,7,0,1
2025-07-02,790617,564800,173016,52801,2,7,0,0
2025-07-03,778090,545126,179317,53647,3,7,0,0
2025-07-04,889282,630175,197715,61392,4,7,0,0
2025-07-05,1089023,746162,278847,64014,5,7,1,0
2025-07-06,1125305,807174,251903,66228,6,7,1,0
2025-07-07,826997,570175,200057,56765,0,7,0,0
2025-07-08,783524,537360,194960,51204,1,7,0,0
2025-07-09,785930,526328,205392,54210,2,7,0,0
2025-07-10,702782,469490,179286,54006,3,7,0,0
2025-07-11,828900,579794,191727,57379,4,7,0,0
2025-07-12,1109576,779065,270758,59753,5,7,1,0
2025-07-13,1231328,885838,280844,64646,6,7,1,0
2025-07-14,888021,604285,228195,55541,0,7,0,0
2025-07-15,838665,563691,223300,51674,1,7,0,0
2025-07-16,847094,557678,235913,53503,2,7,0,0
2025-07-17,851703,571349,226197,54157,3,7,0,0
2025-07-18,921807,635741,227089,58977,4,7,0,0
2025-07-19,1130436,764570,302073,63793,5,7,1,0
2025-07-20,233032,147477,66461,19094,6,7,1,0
2025-07-21,873025,596255,206125,70645,0,7,0,0
2025-07-22,818815,566633,196599,55583,1,7,0,0
2025-07-23,843042,579542,210859,52641,2,7,0,0
2025-07-24,870929,583467,232090,55372,3,7,0,0
2025-07-25,982794,665619,255043,62132,4,7,0,0
2025-07-26,1289679,854705,366756,68218,5,7,1,0
2025-07-27,1299612,898801,331020,69791,6,7,1,0
2025-07-28,946060,632444,250921,62695,0,7,0,0
2025-07-29,797704,522609,221417,53678,1,7,0,0
2025-07-30,842735,567773,219134,55828,2,7,0,0
2025-07-31,848801,570983,222246,55572,3,7,0,0
2025-08-01,961497,654053,247961,59483,4,8,0,0
2025-08-02,1100602,735360,307619,57623,5,8,1,0
2025-08-03,1143146,807679,273826,61641,6,8,1,0
2025-08-04,822404,560070,208894,53440,0,8,0,0
2025-08-05,600515,390023,163804,46688,1,8,0,0
2025-08-06,790729,532833,206283,51613,2,8,0,0
2025-08-07,892674,591797,247433,53444,3,8,0,0
2025-08-08,1036564,679587,296377,60600,4,8,0,0
2025-08-09,1326326,857194,402176,66956,5,8,1,0
2025-08-10,1342500,901909,371241,69350,6,8,1,0
2025-08-11,984367,653924,268577,61866,0,8,0,0
2025-08-12,904584,595345,249134,60105,1,8,0,0
2025-08-13,904786,591227,254717,58842,2,8,0,0
2025-08-14,703414,446236,198311,58867,3,8,0,0
2025-08-15,987543,651823,266037,69683,4,8,0,0
2025-08-16,1327079,842250,411009,73820,5,8,1,0
2025-08-17,1295559,859327,365293,70939,6,8,1,0
2025-08-18,898217,593316,244811,60090,0,8,0,0
2025-08-19,854571,536179,263488,54904,1,8,0,0
2025-08-20,947239,594507,296059,56673,2,8,0,0
2025-08-21,933427,601450,273936,58041,3,8,0,0
2025-08-22,1039318,689862,284512,64944,4,8,0,0
2025-08-23,1302350,856188,377242,68920,5,8,1,0
2025-08-24,1274387,885440,320103,68844,6,8,1,0
2025-08-25,957756,652782,245218,59756,0,8,0,0
2025-08-26,914281,612085,248496,53700,1,8,0,0
2025-08-27,907093,616241,235101,55751,2,8,0,0
2025-08-28,889275,613250,222231,53794,3,8,0,0
2025-08-29,976136,697677,220722,57737,4,8,0,0
2025-08-30,1204782,848308,295613,60861,5,8,1,0
2025-08-31,1100703,820445,218860,61398,6,8,1,0
2025-09-01,759856,558478,151584,49794,0,9,0,0
2025-09-02,719188,522764,148768,47656,1,9,0,0
2025-09-03,699275,508915,144031,46329,2,9,0,0
2025-09-04,730205,531268,151862,47075,3,9,0,0
2025-09-05,831886,619227,155595,57064,4,9,0,0
2025-09-06,1048913,772898,216219,59796,5,9,1,0
2025-09-07,939731,694404,184810,60517,6,9,1,0
2025-09-08,477711,345369,89282,43060,0,9,0,0
2025-09-09,720183,534252,133022,52909,1,9,0,0
2025-09-10,730392,540779,137059,52554,2,9,0,0
2025-09-11,753144,553074,149035,51035,3,9,0,0
2025-09-12,889154,659869,168139,61146,4,9,0,0
2025-09-13,1121975,818472,236689,66814,5,9,1,0
2025-09-14,1107808,833174,204612,70022,6,9,1,0
2025-09-15,805725,589322,153009,63394,0,9,0,0
2025-09-16,758573,544553,157932,56088,1,9,0,0
2025-09-17,750016,538424,158407,53185,2,9,0,0
2025-09-18,756959,545094,154536,57329,3,9,0,0
2025-09-19,800036,577319,158046,64671,4,9,0,0
2025-09-20,912196,651746,192171,68279,5,9,1,0
2025-09-21,962508,707111,182186,73211,6,9,1,0
2025-09-22,890920,642118,182084,66718,0,9,0,0
2025-09-23,288772,200742,60914,27116,1,9,0,0
2025-09-24,28020,24931,2809,280,2,9,0,0
2025-09-25,656673,484813,110511,61349,3,9,0,0
2025-09-26,930862,682572,180416,67874,4,9,0,0
2025-09-27,1173541,833372,272132,68037,5,9,1,0
2025-09-28,1113039,838695,209472,64872,6,9,1,0
2025-09-29,899685,630268,211344,58073,0,9,0,0
2025-09-30,913979,637618,225157,51204,1,9,0,0
2025-10-01,993968,541109,399400,53459,2,10,0,1
2025-10-02,976728,494453,426412,55863,3,10,0,0
2025-10-03,1099294,594821,445723,58750,4,10,0,0
2025-10-04,1186346,700783,423094,62469,5,10,1,0
2025-10-05,1010358,627056,325085,58217,6,10,1,0
2025-10-06,889444,536112,290302,63030,0,10,0,0
2025-10-07,1089509,739984,289004,60521,1,10,0,1
2025-10-08,847705,553648,240029,54028,2,10,0,0
2025-10-09,795837,575336,162652,57849,3,10,0,0
2025-10-10,896116,660385,166951,68780,4,10,0,0
2025-10-11,1036499,814618,148884,72997,5,10,1,0
2025-10-12,1069475,803410,189750,76315,6,10,1,0
2025-10-13,839820,602543,164341,72936,0,10,0,0
2025-10-14,795817,559738,163463,72616,1,10,0,0
2025-10-15,796720,567113,153170,76437,2,10,0,0
2025-10-16,803968,578180,157390,68398,3,10,0,0
2025-10-17,931290,679793,175299,76198,4,10,0,0
2025-10-18,1158306,816756,258776,82774,5,10,1,0
2025-10-19,1122277,822235,213621,86421,6,10,1,0
2025-10-20,846441,601553,166343,78545,0,10,0,0
2025-10-21,734866,514765,147832,72269,1,10,0,0
2025-10-22,758118,531028,145061,82029,2,10,0,0
2025-10-23,811095,569803,157407,83885,3,10,0,0
2025-10-24,956181,694135,180220,81826,4,10,0,0
2025-10-25,1188720,832519,271534,84667,5,10,1,0
2025-10-26,1135798,824099,219418,92281,6,10,1,0
2025-10-27,865581,615487,168386,81708,0,10,0,0
2025-10-28,917509,681386,164552,71571,1,10,0,0
2025-10-29,1059065,844376,138135,76554,2,10,0,1
2025-10-30,847726,596503,172864,78359,3,10,0,0
2025-10-31,930609,668677,182396,79536,4,10,0,0
2025-11-01,1144515,790607,274197,79711,5,11,1,0
2025-11-02,1102653,809737,209931,82985,6,11,1,0
2025-11-03,847277,614343,154563,78371,0,11,0,0
2025-11-04,772827,557215,145899,69713,1,11,0,0
2025-11-05,797403,567762,159983,69658,2,11,0,0
2025-11-06,812745,582509,159506,70730,3,11,0,0
2025-11-07,947488,696442,174735,76311,4,11,0,0
2025-11-08,1164985,824790,263438,76757,5,11,1,0
2025-11-09,1154929,846373,223881,84675,6,11,1,0
2025-11-10,865196,628287,162222,74687,0,11,0,0
2025-11-11,803092,576816,158993,67283,1,11,0,0
2025-11-12,822511,575058,178587,68866,2,11,0,0
2025-11-13,851135,592717,188211,70207,3,11,0,0
2025-11-14,1006478,713561,210285,82632,4,11,0,0
2025-11-15,1226400,827632,316144,82624,5,11,1,0
2025-11-16,1211211,871065,249761,90385,6,11,1,0
2025-11-17,896505,642330,177998,76177,0,11,0,0
2025-11-18,818948,585630,165419,67899,1,11,0,0
2025-11-19,790547,561913,156826,71808,2,11,0,0
2025-11-20,818634,578087,163602,76945,3,11,0,0
2025-11-21,974077,695079,190938,88060,4,11,0,0
2025-11-22,1226279,844380,297768,84131,5,11,1,0
2025-11-23,1190361,858263,245407,86691,6,11,1,0
2025-11-24,878140,627670,172405,78065,0,11,0,0
2025-11-25,824240,587187,169769,67284,1,11,0,0
2025-11-26,836791,589005,178311,69475,2,11,0,0
2025-11-27,831832,586789,174255,70788,3,11,0,0
2025-11-28,1002920,709614,216324,76982,4,11,0,0
2025-11-29,1224553,841819,302113,80621,5,11,1,0
2025-11-30,1167245,851171,232901,83173,6,11,1,0
2025-12-01,851130,601167,176594,73369,0,12,0,0
2025-12-02,792282,558282,165218,68782,1,12,0,0
2025-12-03,790672,554402,168282,67988,2,12,0,0
2025-12-04,828351,573136,179827,75388,3,12,0,0
2025-12-05,964685,686457,194243,83985,4,12,0,0
2025-12-06,1224007,829449,309414,85144,5,12,1,0
2025-12-07,1223365,852815,277812,92738,6,12,1,0
2025-12-08,1029930,755096,190185,84649,0,12,0,0
